filename,true_original_label,true_pytorch_label,wide_resnet50_2_label,wrn16_8_stl_d8d4d1_label
039fe94f7.jpg,0,0,0,0
05880c333.jpg,0,0,0,0
05c8119d8.jpg,0,0,0,0
07cae7201.jpg,0,0,0,0
0e4d22c15.jpg,0,0,0,0
12ecc9ee4.jpg,0,0,0,0
15550d002.jpg,0,0,0,0
187128ea8.jpg,0,0,0,0
1a85ff95b.jpg,0,0,0,0
1e772f522.jpg,0,0,0,0
1eccb53ac.jpg,0,0,0,6
1f08cb6ef.jpg,0,0,0,0
232f83733.jpg,0,0,0,0
299cf74b1.jpg,0,0,0,0
2c8325300.jpg,0,0,0,0
2ec8b5cd3.jpg,0,0,0,0
341f86633.jpg,0,0,0,0
381575145.jpg,0,0,0,0
39a5513e8.jpg,0,0,0,0
3e8f2a450.jpg,0,0,0,0
4001de4ce.jpg,0,0,6,38
41b7912a0.jpg,0,0,0,0
43136a8af.jpg,0,0,6,6
4ed36e0c6.jpg,0,0,0,0
5139159b9.jpg,0,0,0,0
548656d56.jpg,0,0,0,0
5b7aa2656.jpg,0,0,0,0
5c90b96cc.jpg,0,0,0,0
679ed2487.jpg,0,0,0,0
6a7031528.jpg,0,0,0,0
6bdd027c4.jpg,0,0,6,16
6c0272413.jpg,0,0,0,0
744d80c38.jpg,0,0,0,69
7b8c458ee.jpg,0,0,0,0
7bf870aea.jpg,0,0,0,0
82a1cf271.jpg,0,0,0,0
878098241.jpg,0,0,0,0
88b194600.jpg,0,0,0,0
8f1d1b406.jpg,0,0,0,0
922d4b72a.jpg,0,0,0,0
93611e1c0.jpg,0,0,0,0
9403db44e.jpg,0,0,0,0
967914c49.jpg,0,0,0,0
9d36ce8d9.jpg,0,0,0,0
9f65e1a0d.jpg,0,0,0,0
a066d09f1.jpg,0,0,9,6
a30e9ff33.jpg,0,0,0,0
a50056b79.jpg,0,0,0,0
ac33638f8.jpg,0,0,0,0
ac6994eba.jpg,0,0,0,0
b2dda1998.jpg,0,0,0,0
b30ce55c2.jpg,0,0,0,0
bb61fdded.jpg,0,0,0,0
bb936b9fb.jpg,0,0,0,0
bbfbb8eeb.jpg,0,0,0,0
c3b627cbd.jpg,0,0,0,0
c52029af8.jpg,0,0,50,50
c5b499863.jpg,0,0,0,0
c7834c675.jpg,0,0,0,0
c8ee955fb.jpg,0,0,0,0
cbc8550d0.jpg,0,0,0,6
d139e8d89.jpg,0,0,0,0
d32dcd70d.jpg,0,0,0,0
d6aaf2b16.jpg,0,0,0,0
d863f61e2.jpg,0,0,0,0
d965c04e7.jpg,0,0,0,0
decec89ad.jpg,0,0,0,0
e33e5b43b.jpg,0,0,0,0
e7387668e.jpg,0,0,0,0
e85880e9e.jpg,0,0,0,0
ebf61b88c.jpg,0,0,0,0
ef5f31749.jpg,0,0,0,0
f16c4ca7f.jpg,0,0,0,0
f2068ace5.jpg,0,0,0,0
f2996eb7d.jpg,0,0,0,0
f53b9780f.jpg,0,0,0,0
f68bead42.jpg,0,0,0,0
f900d02af.jpg,0,0,0,0
f947466e2.jpg,0,0,0,0
01ab36bf2.jpg,1,1,1,1
69bb8b83b.jpg,1,1,1,1
6aeb0a358.jpg,1,1,1,1
7afb4aa4e.jpg,1,1,1,1
abb989d0d.jpg,1,1,1,1
b0539083e.jpg,1,1,78,1
b41044b3a.jpg,1,1,1,1
014306edb.jpg,10,2,20,2
0527e44a0.jpg,10,2,2,3
07e3813b0.jpg,10,2,2,2
0d6e8fcac.jpg,10,2,73,6
204d018dd.jpg,10,2,2,2
20c88fc6e.jpg,10,2,2,99
21b9f751d.jpg,10,2,97,97
2b2291345.jpg,10,2,41,42
2ba45b5eb.jpg,10,2,2,2
3f24025a0.jpg,10,2,2,2
3f4924f14.jpg,10,2,2,2
41069817a.jpg,10,2,2,2
44be49bcd.jpg,10,2,2,2
503406cba.jpg,10,2,2,75
645cd29e8.jpg,10,2,2,2
6582deef2.jpg,10,2,2,2
692fcf0d4.jpg,10,2,2,2
6b8559728.jpg,10,2,97,2
71be0f630.jpg,10,2,2,2
834a9b6e9.jpg,10,2,2,2
8618d1e4e.jpg,10,2,2,2
89f35ca32.jpg,10,2,2,2
8b8848f75.jpg,10,2,2,2
9b6f62260.jpg,10,2,2,2
9d72ff84a.jpg,10,2,2,2
a000072e7.jpg,10,2,2,2
a7a76cdcc.jpg,10,2,5,73
a96c6c16f.jpg,10,2,21,23
b1f103fb6.jpg,10,2,2,2
b46ffc17a.jpg,10,2,2,2
c6d784ab0.jpg,10,2,26,73
cb149c378.jpg,10,2,2,2
ce2027f98.jpg,10,2,2,73
dd814369e.jpg,10,2,2,2
dfa5c24ed.jpg,10,2,2,2
e3fb2d02a.jpg,10,2,2,2
e55efd752.jpg,10,2,2,2
e90916c08.jpg,10,2,2,2
f01054169.jpg,10,2,22,2
f2b91d12d.jpg,10,2,2,2
266076470.jpg,100,3,3,3
416b67b13.jpg,100,3,92,10
4851fdca1.jpg,100,3,3,3
4ed2b59af.jpg,100,3,3,3
6c4d1e1d5.jpg,100,3,3,3
824694c2c.jpg,100,3,3,3
a1419848f.jpg,100,3,3,3
b22e50a41.jpg,100,3,3,3
ca7101a53.jpg,100,3,3,3
13413abbc.jpg,101,4,4,4
1f2be4b81.jpg,101,4,4,4
336c3db18.jpg,101,4,4,4
84a81fb1d.jpg,101,4,4,4
ada675bd1.jpg,101,4,4,4
b4ceb88d8.jpg,101,4,4,4
cd75e6300.jpg,101,4,4,4
05c035892.jpg,102,5,5,5
06b026e0b.jpg,102,5,5,5
0830b2753.jpg,102,5,5,5
099ab0e98.jpg,102,5,5,5
0d13d3bee.jpg,102,5,5,5
0e312ec65.jpg,102,5,5,5
0e5d5c998.jpg,102,5,5,5
1078a2ec2.jpg,102,5,5,5
119d4599a.jpg,102,5,29,84
13fce63a8.jpg,102,5,5,5
167fdd17e.jpg,102,5,5,5
169c87a40.jpg,102,5,5,5
1744b3384.jpg,102,5,5,81
192083be1.jpg,102,5,5,5
1c78b4dcf.jpg,102,5,5,5
1d162836e.jpg,102,5,5,5
200e3ec8e.jpg,102,5,5,5
2383e96a9.jpg,102,5,5,5
26255a0b5.jpg,102,5,5,5
26f7fdf9d.jpg,102,5,5,5
28594d9ce.jpg,102,5,75,76
293c37e25.jpg,102,5,12,42
2bc1261a2.jpg,102,5,89,75
2c438bd90.jpg,102,5,5,5
2ef606b0b.jpg,102,5,5,75
31b36fedd.jpg,102,5,79,75
32dd704de.jpg,102,5,5,53
342fac378.jpg,102,5,5,5
3536d6d2c.jpg,102,5,5,5
399265cf8.jpg,102,5,5,5
3d1eb0409.jpg,102,5,5,5
3eb4b61ba.jpg,102,5,5,5
41f6f9089.jpg,102,5,5,5
4434dc32b.jpg,102,5,5,5
445f087e3.jpg,102,5,5,5
4571b9509.jpg,102,5,69,6
46b2099d5.jpg,102,5,5,5
49f5812aa.jpg,102,5,5,5
4ad74a865.jpg,102,5,5,5
4b4a94dd9.jpg,102,5,5,5
4b52ce80e.jpg,102,5,5,5
513e8c116.jpg,102,5,5,5
525c4e954.jpg,102,5,5,5
55c979afd.jpg,102,5,5,5
5966963dc.jpg,102,5,5,5
59ece59fd.jpg,102,5,5,24
5dd2c5de2.jpg,102,5,5,5
5ddd32cbc.jpg,102,5,5,5
6052a9819.jpg,102,5,5,5
617a30d60.jpg,102,5,38,47
69e28145d.jpg,102,5,5,5
6a0c3a863.jpg,102,5,5,5
6b5f6252f.jpg,102,5,5,5
6ccbdeac6.jpg,102,5,5,5
6d6680d42.jpg,102,5,5,5
6df15a9c9.jpg,102,5,5,5
716d8c2ce.jpg,102,5,49,48
75a952635.jpg,102,5,5,5
7630a9c6c.jpg,102,5,5,5
79035ee67.jpg,102,5,5,5
7a9210473.jpg,102,5,5,5
7ab6c729f.jpg,102,5,75,75
7d83c38dd.jpg,102,5,5,75
819029354.jpg,102,5,5,5
8318b4231.jpg,102,5,5,5
85b5f8d67.jpg,102,5,5,5
880392ab1.jpg,102,5,5,5
8ed8a5254.jpg,102,5,6,22
8fd97a0ca.jpg,102,5,5,5
911b1c745.jpg,102,5,49,71
95e3c9406.jpg,102,5,5,5
999802677.jpg,102,5,5,5
99e9fc5b7.jpg,102,5,5,6
9a1b797db.jpg,102,5,5,5
9d4d46523.jpg,102,5,5,90
9d669abd2.jpg,102,5,5,6
9e15431ad.jpg,102,5,5,5
a0935f37e.jpg,102,5,5,5
a22499955.jpg,102,5,5,79
a4cedad03.jpg,102,5,5,5
a816d63ae.jpg,102,5,5,5
b145d7c07.jpg,102,5,5,5
b148117ae.jpg,102,5,5,5
b2440660d.jpg,102,5,5,48
b465e91ec.jpg,102,5,5,5
be02178e6.jpg,102,5,5,5
c03277cb4.jpg,102,5,5,5
c07b8f127.jpg,102,5,6,22
c0803f415.jpg,102,5,5,5
c225acd33.jpg,102,5,10,46
c846d8649.jpg,102,5,5,5
c924f3a52.jpg,102,5,5,5
ca6bb1ba4.jpg,102,5,5,5
cf0424075.jpg,102,5,5,5
d1f3f3d2a.jpg,102,5,5,5
d3e1e35a4.jpg,102,5,53,5
d5acdf88d.jpg,102,5,5,5
d6de5fa46.jpg,102,5,5,5
d790eb8cb.jpg,102,5,5,5
da23b218b.jpg,102,5,5,5
dd4c10d59.jpg,102,5,5,5
deb7090cd.jpg,102,5,5,5
e08987e24.jpg,102,5,5,5
e32692053.jpg,102,5,5,75
e89e4b6d9.jpg,102,5,5,46
eb4b03b29.jpg,102,5,5,22
ed5d34627.jpg,102,5,5,5
f10dd7014.jpg,102,5,5,5
f17ddc713.jpg,102,5,5,5
f7e767bef.jpg,102,5,5,5
f7ed8f913.jpg,102,5,5,5
f83378425.jpg,102,5,5,5
f9c50db87.jpg,102,5,48,48
fe0ee6b40.jpg,102,5,28,75
006e3dee8.jpg,103,6,6,6
0296e1cad.jpg,103,6,6,6
02dcb4095.jpg,103,6,6,6
034c0bd9c.jpg,103,6,6,6
036d6ed9a.jpg,103,6,6,6
03718961e.jpg,103,6,6,6
06ae4a073.jpg,103,6,6,6
081c6e102.jpg,103,6,6,75
09b2781a9.jpg,103,6,6,6
0c693d8a6.jpg,103,6,6,6
0c9914ed0.jpg,103,6,6,6
0e061f80d.jpg,103,6,6,6
0e9eca998.jpg,103,6,6,6
100e8da22.jpg,103,6,6,6
10556d009.jpg,103,6,6,6
12efb4001.jpg,103,6,6,6
1422497fa.jpg,103,6,6,6
1431ce740.jpg,103,6,6,6
144dd4990.jpg,103,6,6,6
14e535ad2.jpg,103,6,6,6
158f928cc.jpg,103,6,69,6
1590a2771.jpg,103,6,6,6
16269dafd.jpg,103,6,6,6
189bb3036.jpg,103,6,6,6
197f7e070.jpg,103,6,6,6
19c339253.jpg,103,6,6,6
1a3f90da8.jpg,103,6,6,6
1a6dabd7d.jpg,103,6,6,6
1a9a0d48c.jpg,103,6,6,69
1d9ae846d.jpg,103,6,6,6
1e3787b49.jpg,103,6,6,6
1efe285bb.jpg,103,6,6,6
1fbd8d70e.jpg,103,6,6,6
2060dd732.jpg,103,6,6,6
20a520ac4.jpg,103,6,6,6
2187c33cd.jpg,103,6,6,6
22bf7e3f3.jpg,103,6,6,6
238802bcf.jpg,103,6,6,38
256cc1aa2.jpg,103,6,6,6
2604f8da6.jpg,103,6,6,6
2656d49c4.jpg,103,6,6,6
28c3714d3.jpg,103,6,6,6
29193790f.jpg,103,6,6,6
297e1b72e.jpg,103,6,6,6
2ab94eee0.jpg,103,6,6,6
2b4ecea25.jpg,103,6,6,6
2d5ad6935.jpg,103,6,6,6
2d6a3532c.jpg,103,6,6,69
2fed5bc30.jpg,103,6,6,6
302ff93a4.jpg,103,6,6,6
31e1babab.jpg,103,6,6,6
33bd7b787.jpg,103,6,6,6
356839a2b.jpg,103,6,6,6
356ed4f8e.jpg,103,6,6,6
35a813eef.jpg,103,6,38,38
35bba2a02.jpg,103,6,6,6
3626c8acb.jpg,103,6,6,6
36d1ee269.jpg,103,6,6,6
37298b4f1.jpg,103,6,6,6
373190ef6.jpg,103,6,6,6
37dde0ac2.jpg,103,6,6,6
386e857dd.jpg,103,6,6,6
38a20be1f.jpg,103,6,76,76
397f1083d.jpg,103,6,6,47
399184762.jpg,103,6,6,99
39db34935.jpg,103,6,6,6
3b91e9ffd.jpg,103,6,6,6
3d0e3407a.jpg,103,6,38,6
3d2158481.jpg,103,6,6,6
3e11a6312.jpg,103,6,6,6
3e578a85a.jpg,103,6,6,6
3f4637579.jpg,103,6,6,6
40078196f.jpg,103,6,56,6
43756d968.jpg,103,6,6,6
438f4f5c2.jpg,103,6,6,6
44a81221b.jpg,103,6,6,6
463d377d3.jpg,103,6,6,6
49270bb3e.jpg,103,6,6,6
49cfb953b.jpg,103,6,6,38
4b5bf42f5.jpg,103,6,6,6
4c58a0a7e.jpg,103,6,6,6
4ce6c09c1.jpg,103,6,6,6
4d2292e5f.jpg,103,6,6,6
510d30438.jpg,103,6,6,6
5172b2fe8.jpg,103,6,6,6
52118091f.jpg,103,6,6,6
5399df32b.jpg,103,6,6,6
53a9878f6.jpg,103,6,6,6
552cb0b07.jpg,103,6,6,6
58240d2b6.jpg,103,6,6,6
586b08112.jpg,103,6,6,6
5910280b5.jpg,103,6,6,6
5c2fb1d1c.jpg,103,6,6,6
5c49f444b.jpg,103,6,6,6
5d471d11d.jpg,103,6,6,6
5dc1768ac.jpg,103,6,6,6
5fc8dbb40.jpg,103,6,6,6
60268b088.jpg,103,6,6,6
607e4580d.jpg,103,6,6,0
617b01d0e.jpg,103,6,6,6
6235443a3.jpg,103,6,6,6
6486fd510.jpg,103,6,6,6
6596dcf8d.jpg,103,6,6,6
66042df8b.jpg,103,6,6,6
665063ed3.jpg,103,6,6,6
6732ee488.jpg,103,6,6,6
68201574b.jpg,103,6,6,6
6a9920757.jpg,103,6,6,6
6a9cc12ce.jpg,103,6,6,6
6b98dab06.jpg,103,6,6,6
6d22e21ef.jpg,103,6,6,6
6d936a4ed.jpg,103,6,6,6
70e8485c9.jpg,103,6,6,6
7186ad2bd.jpg,103,6,6,6
72322c4b9.jpg,103,6,6,6
74eafda5b.jpg,103,6,80,69
757a56ccc.jpg,103,6,6,6
75e073dba.jpg,103,6,6,6
75f09ea15.jpg,103,6,6,6
786df5c84.jpg,103,6,6,6
78c4a90db.jpg,103,6,6,6
7903fdb4b.jpg,103,6,6,6
79ac05dcc.jpg,103,6,6,6
7a3042453.jpg,103,6,6,6
7bd38deee.jpg,103,6,6,6
7dec69f79.jpg,103,6,6,6
7ed034d85.jpg,103,6,6,6
8a07b4fed.jpg,103,6,6,6
8a9e1b796.jpg,103,6,6,6
8bf45ca88.jpg,103,6,6,6
8e1a75ad4.jpg,103,6,6,6
8f2a682f1.jpg,103,6,6,6
8fc2aa4d9.jpg,103,6,6,6
913fbfcfb.jpg,103,6,6,6
92001434a.jpg,103,6,6,6
921949cad.jpg,103,6,6,6
92ead8a5e.jpg,103,6,6,6
932804b12.jpg,103,6,6,6
93688521d.jpg,103,6,6,75
9380909ec.jpg,103,6,6,6
94962a482.jpg,103,6,6,6
94b5cdbe2.jpg,103,6,6,6
9a28d0631.jpg,103,6,6,6
9b38e925f.jpg,103,6,6,6
9d17835cd.jpg,103,6,6,6
9d9144368.jpg,103,6,6,6
9e0e9fd65.jpg,103,6,6,38
9f402442d.jpg,103,6,6,6
9fb5772d1.jpg,103,6,6,6
9fbcfb5d1.jpg,103,6,6,90
a122c5035.jpg,103,6,6,6
a357fd7d8.jpg,103,6,6,6
a3d69121e.jpg,103,6,6,53
a63a9c375.jpg,103,6,6,6
a67b3545a.jpg,103,6,6,6
a89736c82.jpg,103,6,6,6
a8db856c5.jpg,103,6,6,6
a924c442d.jpg,103,6,6,6
a9747b910.jpg,103,6,6,6
b12e618e9.jpg,103,6,6,6
b1fb690e2.jpg,103,6,6,6
b3aa27584.jpg,103,6,6,6
b44816ccd.jpg,103,6,6,6
b478dfa20.jpg,103,6,6,6
b68d89873.jpg,103,6,6,6
b7d10b597.jpg,103,6,6,6
b9b23dceb.jpg,103,6,6,26
b9eb5d182.jpg,103,6,6,6
bc7139423.jpg,103,6,6,6
bc94bb858.jpg,103,6,6,6
bd41b85f1.jpg,103,6,6,6
bd5036017.jpg,103,6,6,6
c02fe3300.jpg,103,6,6,6
c08d34675.jpg,103,6,6,75
c0a0b126f.jpg,103,6,6,47
c0d3eb76c.jpg,103,6,6,6
c315a8b74.jpg,103,6,6,6
c42357748.jpg,103,6,6,6
c502741f9.jpg,103,6,6,6
c5ffecd65.jpg,103,6,6,6
c74a2e362.jpg,103,6,6,6
c75691796.jpg,103,6,69,69
c8e80fa48.jpg,103,6,6,6
c9238e6c2.jpg,103,6,6,6
cbd6c2486.jpg,103,6,6,6
cf3db8684.jpg,103,6,6,6
d13de401b.jpg,103,6,6,6
d3378d642.jpg,103,6,6,69
d39a81807.jpg,103,6,6,6
d55329125.jpg,103,6,6,6
d6e073334.jpg,103,6,6,6
dc390dd66.jpg,103,6,6,6
dd034a398.jpg,103,6,6,6
dd67ee4e0.jpg,103,6,6,6
ddb79de74.jpg,103,6,6,6
e04e9a7b4.jpg,103,6,6,38
e47b587e7.jpg,103,6,6,6
e5898cc00.jpg,103,6,9,6
e62087dd1.jpg,103,6,6,6
e8a76fb34.jpg,103,6,6,6
e94e7ee7e.jpg,103,6,6,6
e98cf67e9.jpg,103,6,6,75
eb9829c81.jpg,103,6,6,6
ee4667e02.jpg,103,6,6,6
f00393139.jpg,103,6,6,6
f11595861.jpg,103,6,6,6
f1f29b466.jpg,103,6,6,6
f1fc05655.jpg,103,6,6,6
f24645f33.jpg,103,6,6,6
f28fd46a5.jpg,103,6,38,6
f55a09779.jpg,103,6,6,6
f8fba2c91.jpg,103,6,6,6
f8fcdd06f.jpg,103,6,6,6
fb4ef5982.jpg,103,6,6,6
fdcad2c48.jpg,103,6,6,6
fe0ef179f.jpg,103,6,6,6
0012d8a38.jpg,11,7,7,7
06de6ac28.jpg,11,7,7,7
1ae0a8484.jpg,11,7,7,7
2a03878d0.jpg,11,7,7,7
37073c29f.jpg,11,7,7,7
3a757e22c.jpg,11,7,7,7
7875cb15c.jpg,11,7,7,7
9776853fd.jpg,11,7,7,7
9ba78b8a7.jpg,11,7,7,7
a78cbf507.jpg,11,7,7,7
b08572e1e.jpg,11,7,7,74
bc389502e.jpg,11,7,7,7
ccf70ad76.jpg,11,7,7,7
0af8dd0ab.jpg,12,8,8,8
0bf0b39b3.jpg,12,8,5,53
0f39ed89a.jpg,12,8,8,8
17448cd70.jpg,12,8,8,8
2619ce81e.jpg,12,8,8,8
261e32fa3.jpg,12,8,8,8
2a5fd4602.jpg,12,8,8,8
47cceacfa.jpg,12,8,8,8
4d6d19a0d.jpg,12,8,8,8
4fe52d470.jpg,12,8,8,8
598ee68f2.jpg,12,8,8,8
5dc3b223a.jpg,12,8,8,8
6ac05aa16.jpg,12,8,8,8
73eb81042.jpg,12,8,8,8
868bf8b0c.jpg,12,8,8,75
89761d5b2.jpg,12,8,8,75
8d38c78d5.jpg,12,8,8,8
91f443fa2.jpg,12,8,8,8
a804bd8bf.jpg,12,8,8,8
a98a04404.jpg,12,8,8,8
c2d488ff8.jpg,12,8,8,8
c923dacc6.jpg,12,8,8,8
dcca4efb6.jpg,12,8,8,8
dd577a651.jpg,12,8,8,8
dff43d40b.jpg,12,8,8,11
e0e22df15.jpg,12,8,8,8
fa9756123.jpg,12,8,8,8
02d13fac4.jpg,13,9,9,9
036bdde51.jpg,13,9,9,9
050ebf400.jpg,13,9,9,9
053cee02e.jpg,13,9,93,9
069f23917.jpg,13,9,9,9
0b6492c14.jpg,13,9,9,9
0e29a8354.jpg,13,9,9,9
0fca0ac9d.jpg,13,9,9,9
1beeac311.jpg,13,9,9,9
1f79460d8.jpg,13,9,9,9
20081ac2a.jpg,13,9,9,9
2cd0b1991.jpg,13,9,9,9
2dadf5798.jpg,13,9,9,32
3825e24d6.jpg,13,9,9,48
404353284.jpg,13,9,9,9
415640dd1.jpg,13,9,9,9
44d524240.jpg,13,9,9,9
4b2dfb807.jpg,13,9,9,9
4dfa88ed7.jpg,13,9,9,9
4fac2c84c.jpg,13,9,9,9
522b49411.jpg,13,9,9,9
52b1c6f28.jpg,13,9,9,9
58428ce3c.jpg,13,9,9,9
594ff497e.jpg,13,9,9,9
60fd828a9.jpg,13,9,9,9
61be4d05f.jpg,13,9,9,9
6733fa0a0.jpg,13,9,9,9
6ac662232.jpg,13,9,9,9
6b5b2c03c.jpg,13,9,9,9
6d5067c0e.jpg,13,9,9,9
6da2fac61.jpg,13,9,9,9
6f2162e03.jpg,13,9,9,9
6f4eb27b0.jpg,13,9,9,93
6ff9d8c7d.jpg,13,9,9,9
71f6c4781.jpg,13,9,9,9
7295e21e5.jpg,13,9,9,9
72a8c83ae.jpg,13,9,9,6
72db686ae.jpg,13,9,9,9
74b500aae.jpg,13,9,9,9
76a56e44a.jpg,13,9,9,9
7bcc360da.jpg,13,9,9,9
7d2523b90.jpg,13,9,9,9
80cf44a12.jpg,13,9,9,9
851fe3c5b.jpg,13,9,9,9
85e486efc.jpg,13,9,9,9
88ba865fc.jpg,13,9,9,9
8bf2bf9b8.jpg,13,9,9,9
8d88bb49b.jpg,13,9,9,9
988139f3d.jpg,13,9,9,9
9d5b80b7c.jpg,13,9,9,9
a22194578.jpg,13,9,9,6
a308daafc.jpg,13,9,9,9
a7f880e94.jpg,13,9,9,8
b0d1b6714.jpg,13,9,9,9
b3909cdd9.jpg,13,9,9,101
b45057411.jpg,13,9,9,9
b61545b74.jpg,13,9,9,9
b79689c68.jpg,13,9,9,9
ba2e52ff9.jpg,13,9,9,9
bbaf51513.jpg,13,9,9,9
bd0c84880.jpg,13,9,9,9
beaf1f645.jpg,13,9,48,9
c93ae66a0.jpg,13,9,9,48
cb67f5796.jpg,13,9,9,9
cd527bfc1.jpg,13,9,9,9
d841aa86a.jpg,13,9,9,9
df480ddb9.jpg,13,9,9,9
df5b9e162.jpg,13,9,9,9
dfc1ebaad.jpg,13,9,9,9
e40a6c52e.jpg,13,9,9,9
e7da3a7ef.jpg,13,9,9,25
e961772e7.jpg,13,9,9,9
f34861366.jpg,13,9,9,6
f6c6fe015.jpg,13,9,9,9
f88f86592.jpg,13,9,9,9
fe7efc748.jpg,13,9,9,9
fee647341.jpg,13,9,9,48
09a5b4d9d.jpg,14,10,10,10
0bc241e71.jpg,14,10,10,10
0e7deb032.jpg,14,10,10,10
0e8b2d23e.jpg,14,10,10,10
1c68c6836.jpg,14,10,10,10
280a43573.jpg,14,10,10,10
31706a0b5.jpg,14,10,10,10
3a3ca46a7.jpg,14,10,10,10
3bb431945.jpg,14,10,10,10
4014fb993.jpg,14,10,10,10
4d989fdbc.jpg,14,10,10,10
4dc4303fd.jpg,14,10,10,10
4ed1b1444.jpg,14,10,10,10
55d183aae.jpg,14,10,10,10
57fd20bf5.jpg,14,10,10,10
5abb74576.jpg,14,10,10,10
5e36c3e51.jpg,14,10,10,10
6439565ab.jpg,14,10,10,10
648e7b6dd.jpg,14,10,10,10
672145168.jpg,14,10,10,10
685fb79fc.jpg,14,10,10,10
6c4b62f67.jpg,14,10,10,10
6ec5b7031.jpg,14,10,10,10
7007e9a20.jpg,14,10,10,10
703819401.jpg,14,10,10,46
71383b7c0.jpg,14,10,10,10
729821304.jpg,14,10,10,10
733504c23.jpg,14,10,10,10
73dec3cae.jpg,14,10,10,10
81011c70a.jpg,14,10,10,10
831f3aa40.jpg,14,10,10,10
8abea2e18.jpg,14,10,10,10
9027ba0bd.jpg,14,10,10,10
9102f3759.jpg,14,10,10,10
92bd84999.jpg,14,10,10,10
93d86b581.jpg,14,10,10,10
9acbf9cdc.jpg,14,10,10,10
ac3115694.jpg,14,10,10,10
b3883f073.jpg,14,10,10,10
b5fb20185.jpg,14,10,68,68
bae33a054.jpg,14,10,10,10
bd54d682e.jpg,14,10,10,10
bd57f16b9.jpg,14,10,10,10
bdb71fa92.jpg,14,10,10,10
c64ecd5d4.jpg,14,10,10,10
cbe36be8f.jpg,14,10,10,10
cf97ee693.jpg,14,10,10,10
d11a53a88.jpg,14,10,10,10
d7583223b.jpg,14,10,10,10
d8e80a3b3.jpg,14,10,10,10
d9e77bcd7.jpg,14,10,10,10
db6da4659.jpg,14,10,10,10
de21a1ee1.jpg,14,10,10,10
df273ef48.jpg,14,10,10,10
eac596d54.jpg,14,10,10,10
ec251b627.jpg,14,10,10,10
f134a35dd.jpg,14,10,10,10
f4bf4cc08.jpg,14,10,10,10
f61ddbac5.jpg,14,10,10,10
f8c63ee8a.jpg,14,10,10,10
f8eab6777.jpg,14,10,10,10
fa1589046.jpg,14,10,10,10
facd90c70.jpg,14,10,10,10
fcf7280bf.jpg,14,10,10,10
fea98d632.jpg,14,10,10,10
feea7710f.jpg,14,10,10,10
3307d2e97.jpg,15,11,11,11
4a6f8b3ad.jpg,15,11,11,11
77913415c.jpg,15,11,11,11
d62cbdab4.jpg,15,11,11,75
db70f764c.jpg,15,11,11,11
eed62e9a4.jpg,15,11,46,46
0ac128b1c.jpg,16,12,12,12
4d4813aff.jpg,16,12,12,12
58b3650ea.jpg,16,12,12,12
67d093a0e.jpg,16,12,12,12
7fa868de6.jpg,16,12,12,12
8a12e5176.jpg,16,12,95,44
b14a87079.jpg,16,12,12,12
b42ad0d25.jpg,16,12,12,12
b863e5edc.jpg,16,12,12,12
bc79ee209.jpg,16,12,12,12
c18c90f89.jpg,16,12,12,12
d660e2b22.jpg,16,12,12,12
df49c2d19.jpg,16,12,12,12
e3f9dcc91.jpg,16,12,12,12
e9ab3b021.jpg,16,12,12,12
e9dc86150.jpg,16,12,12,12
01247aa2f.jpg,17,13,13,13
18a7e0053.jpg,17,13,13,13
22a5a7bc6.jpg,17,13,13,13
43fa6bd34.jpg,17,13,13,13
602402d7a.jpg,17,13,13,13
922c84107.jpg,17,13,13,13
a6334b55a.jpg,17,13,13,13
b5f67b15e.jpg,17,13,13,13
ce90b6be4.jpg,17,13,13,13
d0a3aa714.jpg,17,13,13,13
e36545914.jpg,17,13,13,13
ebdc8e929.jpg,17,13,13,13
f4ec48685.jpg,17,13,75,75
ff3960056.jpg,17,13,13,13
06972dc28.jpg,18,14,14,14
166a6681e.jpg,18,14,14,54
2dc2db6d7.jpg,18,14,14,68
33803332b.jpg,18,14,14,14
357697cb1.jpg,18,14,14,14
3632a1e1e.jpg,18,14,14,14
3bae426ba.jpg,18,14,14,14
5a3def668.jpg,18,14,38,38
5e6dcbfaf.jpg,18,14,14,14
643c235e4.jpg,18,14,14,14
7374a5bf6.jpg,18,14,86,21
7b446e2e2.jpg,18,14,77,77
8a34b2d47.jpg,18,14,14,14
8b5fc1f9f.jpg,18,14,14,14
926c2c3d3.jpg,18,14,14,14
b0d2f5a65.jpg,18,14,84,86
c7034cf63.jpg,18,14,14,14
cc9c9584a.jpg,18,14,14,14
d6cbafcd6.jpg,18,14,5,5
d718de01b.jpg,18,14,14,14
eadf99ea0.jpg,18,14,14,14
ee09500bc.jpg,18,14,14,14
f14c86e8b.jpg,18,14,38,38
f30bf691c.jpg,18,14,14,14
fd0ca46b5.jpg,18,14,14,14
fd14db0ae.jpg,18,14,19,67
00ce79009.jpg,19,15,15,15
336007ab1.jpg,19,15,15,15
90d144e15.jpg,19,15,15,15
947191569.jpg,19,15,15,15
c24968ba4.jpg,19,15,15,15
ca521569e.jpg,19,15,15,15
e2c51953c.jpg,19,15,15,15
ff01009a4.jpg,19,15,15,15
1e4f5925c.jpg,2,16,18,16
37b99cff6.jpg,2,16,38,16
8271dc1fe.jpg,2,16,76,16
8f9f56c02.jpg,2,16,16,16
ea5b3b5d0.jpg,2,16,16,16
f8e84c6b1.jpg,2,16,43,98
356ee657b.jpg,20,17,17,17
41e486bd6.jpg,20,17,17,17
99fcc9b7c.jpg,20,17,17,17
9b12832cd.jpg,20,17,17,17
db71145d4.jpg,20,17,17,4
f419eb480.jpg,20,17,17,17
0aa9544cc.jpg,21,18,73,73
241142666.jpg,21,18,18,18
310edf53b.jpg,21,18,93,21
352ecfd1c.jpg,21,18,93,93
357844bfe.jpg,21,18,18,18
3882a8388.jpg,21,18,18,18
40bc3c085.jpg,21,18,48,48
50817b89b.jpg,21,18,18,18
58126dc7e.jpg,21,18,18,18
63291a363.jpg,21,18,18,18
7a916bc0a.jpg,21,18,82,93
7dd26d757.jpg,21,18,18,18
7f0fb3d0b.jpg,21,18,18,18
80c4a30ad.jpg,21,18,95,50
8dda893a3.jpg,21,18,18,18
8fe0ba540.jpg,21,18,18,18
a061831e2.jpg,21,18,81,28
a2b521526.jpg,21,18,18,18
aa8635104.jpg,21,18,18,18
af303027d.jpg,21,18,18,18
bcb9a3f6b.jpg,21,18,18,18
c22f84351.jpg,21,18,18,18
c242b46a7.jpg,21,18,18,18
c59396cc4.jpg,21,18,18,18
ddd0ee21e.jpg,21,18,18,18
e082f77fa.jpg,21,18,18,18
f462cd7a4.jpg,21,18,18,18
fbd61ef17.jpg,21,18,59,6
0bd51e5ae.jpg,22,19,19,19
2650f5efb.jpg,22,19,19,19
2f6d37cbb.jpg,22,19,19,19
37a4c2d4c.jpg,22,19,19,19
5b0bfbdd9.jpg,22,19,19,19
64702c278.jpg,22,19,19,19
74543103b.jpg,22,19,19,19
8fc330cde.jpg,22,19,19,19
a57afe1ff.jpg,22,19,19,15
c52c2fced.jpg,22,19,19,19
d0f87c112.jpg,22,19,19,19
e065be2d5.jpg,22,19,19,19
ec47caef6.jpg,22,19,19,19
fb692de2c.jpg,22,19,19,19
27cb22d28.jpg,23,20,20,20
5229b9ac6.jpg,23,20,20,20
588109625.jpg,23,20,20,20
64f74827f.jpg,23,20,20,20
71f77876c.jpg,23,20,20,20
88dbe3171.jpg,23,20,20,20
06efa5efb.jpg,24,21,21,21
11469163b.jpg,24,21,21,21
1e048a746.jpg,24,21,21,21
2ff54d512.jpg,24,21,21,21
320701203.jpg,24,21,21,21
34c1320ad.jpg,24,21,21,21
3d75ac017.jpg,24,21,21,21
403b383eb.jpg,24,21,21,21
4bcca8b86.jpg,24,21,21,21
50832e70f.jpg,24,21,21,21
5a978e273.jpg,24,21,21,82
5e69dfd6e.jpg,24,21,21,97
83502d32a.jpg,24,21,21,21
97c649994.jpg,24,21,21,21
a965fda55.jpg,24,21,21,21
a99bfbc2a.jpg,24,21,21,21
bcb71e31b.jpg,24,21,21,21
bd3f2e4df.jpg,24,21,21,21
bf166ce8e.jpg,24,21,21,21
d75321752.jpg,24,21,21,21
e14b63de9.jpg,24,21,21,5
e27754d39.jpg,24,21,21,82
e80932063.jpg,24,21,21,21
ec6939419.jpg,24,21,21,10
1edfb61ac.jpg,25,22,22,22
1ef73e29d.jpg,25,22,22,22
20c9a053c.jpg,25,22,22,22
22fa5e68f.jpg,25,22,22,22
37d087cf9.jpg,25,22,22,22
390a4615e.jpg,25,22,22,22
46e6c9b56.jpg,25,22,22,22
5cb9f9980.jpg,25,22,22,22
69c2ba2be.jpg,25,22,81,81
7472eb523.jpg,25,22,22,99
7605cdc00.jpg,25,22,22,22
7c99b865f.jpg,25,22,22,22
86b7d2516.jpg,25,22,22,22
889a60654.jpg,25,22,22,22
8b356824c.jpg,25,22,22,22
92e0c8ae4.jpg,25,22,22,22
a965f670a.jpg,25,22,22,22
ac7c0f502.jpg,25,22,22,22
b34c42227.jpg,25,22,22,22
b41f13bc5.jpg,25,22,22,22
ca61c7336.jpg,25,22,22,42
ecb99c0f9.jpg,25,22,22,22
f20a5a094.jpg,25,22,22,22
fd73724cc.jpg,25,22,22,22
50eb051d8.jpg,26,23,23,23
c590b1a91.jpg,26,23,23,45
dce222045.jpg,26,23,23,45
e6a9494aa.jpg,26,23,23,23
f597d954e.jpg,26,23,23,23
f9c00dff5.jpg,26,23,23,23
1ab8df990.jpg,27,24,24,24
23a80b13f.jpg,27,24,24,24
65679a827.jpg,27,24,24,24
9291665be.jpg,27,24,24,24
965450994.jpg,27,24,24,24
bd7b259ae.jpg,27,24,24,24
d9c89b306.jpg,27,24,24,24
f8ce43a08.jpg,27,24,24,24
fa2efed47.jpg,27,24,24,24
fa6b9fbd7.jpg,27,24,24,24
005846737.jpg,28,25,25,25
0ee4a79d2.jpg,28,25,25,25
1fd9dcca1.jpg,28,25,25,25
2b58386be.jpg,28,25,25,25
2c45a6cfc.jpg,28,25,25,25
404aa4940.jpg,28,25,25,25
413c034db.jpg,28,25,25,25
422541e15.jpg,28,25,25,25
5b40e770e.jpg,28,25,25,25
5e8845d96.jpg,28,25,25,25
5f56bcb7f.jpg,28,25,89,9
6220ccb83.jpg,28,25,25,25
63bbb777f.jpg,28,25,9,93
6612cc2ec.jpg,28,25,25,25
6628da875.jpg,28,25,25,25
696721eb1.jpg,28,25,25,25
6a0a40ace.jpg,28,25,25,25
736fadf32.jpg,28,25,25,25
816a626ef.jpg,28,25,25,25
81d31c7d8.jpg,28,25,25,25
84c0534d2.jpg,28,25,25,25
8ae6401bd.jpg,28,25,25,25
9de1ea670.jpg,28,25,25,25
ab3d53dab.jpg,28,25,25,25
bb0c351b5.jpg,28,25,25,25
cbdd59f2c.jpg,28,25,25,25
cbeffa300.jpg,28,25,25,25
e0beebb9e.jpg,28,25,25,5
e2b89f142.jpg,28,25,25,25
eb79cd68a.jpg,28,25,25,25
f35fe2103.jpg,28,25,25,25
f42ca4921.jpg,28,25,25,25
f8b670634.jpg,28,25,25,25
fe23a985d.jpg,28,25,42,53
013f70100.jpg,29,26,28,26
01d823c89.jpg,29,26,26,26
043e063d4.jpg,29,26,26,26
049f53b52.jpg,29,26,26,26
09891a690.jpg,29,26,26,22
1465475ac.jpg,29,26,26,26
1e677004b.jpg,29,26,26,26
24e338243.jpg,29,26,26,26
25b522056.jpg,29,26,26,26
2dd1dd27a.jpg,29,26,26,26
2e7b5fb42.jpg,29,26,26,26
2fa3283d2.jpg,29,26,26,26
3db2b1c2b.jpg,29,26,26,26
4d43a7ae6.jpg,29,26,26,26
5c59ea64b.jpg,29,26,52,51
5f290392c.jpg,29,26,26,26
631f06f85.jpg,29,26,26,26
64d34b6a3.jpg,29,26,26,26
6a5ba8593.jpg,29,26,26,26
6d5a94373.jpg,29,26,100,26
6f62349c7.jpg,29,26,26,26
8f6aba5c3.jpg,29,26,26,26
992a70c47.jpg,29,26,26,26
a673adcc3.jpg,29,26,26,26
ad5c2a022.jpg,29,26,73,26
bafb33d19.jpg,29,26,26,26
bb3e816f5.jpg,29,26,26,26
cee41bb14.jpg,29,26,26,26
cf48e2e50.jpg,29,26,26,26
deb0f111b.jpg,29,26,26,26
eb47ebf51.jpg,29,26,26,26
f0230724d.jpg,29,26,26,26
13d2395b6.jpg,3,27,98,28
277b0b7f6.jpg,3,27,98,27
2d91a36df.jpg,3,27,69,69
75f3055bf.jpg,3,27,14,27
904366023.jpg,3,27,41,41
b2529a333.jpg,3,27,27,22
11c8ea0b0.jpg,30,28,28,45
1dcd53be4.jpg,30,28,28,28
23ef4202d.jpg,30,28,28,28
2ce9c584f.jpg,30,28,28,28
37322608f.jpg,30,28,28,28
51198d0cd.jpg,30,28,28,42
59cbd5ad5.jpg,30,28,28,28
6ad387277.jpg,30,28,28,28
6d488a5d6.jpg,30,28,28,28
72faef76c.jpg,30,28,28,28
7cb60856c.jpg,30,28,28,28
82fad30f3.jpg,30,28,28,75
866adf162.jpg,30,28,28,28
871dd2934.jpg,30,28,28,22
87be81ba3.jpg,30,28,28,28
8a79d5fe1.jpg,30,28,28,75
910e82469.jpg,30,28,28,28
9bc279214.jpg,30,28,28,75
a03850d58.jpg,30,28,28,75
a91a3963b.jpg,30,28,28,99
a9c6e7ad9.jpg,30,28,28,75
b0b9db784.jpg,30,28,28,28
bb4ed11ad.jpg,30,28,28,28
c18b09db4.jpg,30,28,28,28
c7476c4e1.jpg,30,28,98,98
d05546a38.jpg,30,28,28,28
d0cc25de7.jpg,30,28,28,28
d64d6bfc9.jpg,30,28,28,28
e82b09675.jpg,30,28,28,75
e8b339045.jpg,30,28,28,28
f4a76c5c2.jpg,30,28,28,28
1979bd155.jpg,31,29,29,29
1a7797960.jpg,31,29,29,29
2f63065c6.jpg,31,29,29,44
6a09bf57b.jpg,31,29,29,73
7a7611971.jpg,31,29,29,29
d44afd924.jpg,31,29,29,29
fcf43fac9.jpg,31,29,29,29
564d96274.jpg,32,30,30,30
776d626da.jpg,32,30,8,8
8f8191a32.jpg,32,30,30,30
ae171494b.jpg,32,30,35,8
b5124d114.jpg,32,30,30,30
bbf06bc3d.jpg,32,30,30,30
c14f4c756.jpg,32,30,30,30
51232902a.jpg,33,31,47,47
615943516.jpg,33,31,47,31
665669826.jpg,33,31,31,31
d3da9e2be.jpg,33,31,31,31
dbf3a6008.jpg,33,31,31,31
ea939c11b.jpg,33,31,66,31
0f8c880b5.jpg,34,32,32,32
17ca5b91d.jpg,34,32,32,32
1b5721dc7.jpg,34,32,32,32
2be3fd850.jpg,34,32,95,32
4334b2c25.jpg,34,32,32,32
01ba6b119.jpg,35,33,33,33
0268f60ad.jpg,35,33,33,33
3f9d8bef3.jpg,35,33,33,33
a1de9aec8.jpg,35,33,33,33
aa3956744.jpg,35,33,33,33
da2b0e687.jpg,35,33,33,33
e1e2bb96e.jpg,35,33,33,33
e2905a08a.jpg,35,33,33,33
e370f1fd0.jpg,35,33,33,33
f48aed89a.jpg,35,33,33,33
fee894cc9.jpg,35,33,33,33
20815c599.jpg,36,34,34,34
219fb7761.jpg,36,34,34,34
235ed8f75.jpg,36,34,34,34
261f2e912.jpg,36,34,34,34
397053207.jpg,36,34,34,34
3b3722f1c.jpg,36,34,34,34
3cace1eed.jpg,36,34,34,34
472e739eb.jpg,36,34,34,34
51991857b.jpg,36,34,34,34
54058b642.jpg,36,34,34,34
66e53258f.jpg,36,34,34,34
7e42660a1.jpg,36,34,34,34
827df0a7d.jpg,36,34,34,34
8bf81c107.jpg,36,34,34,34
8faec6b04.jpg,36,34,34,34
ad8c8918e.jpg,36,34,34,34
d9e31390e.jpg,36,34,34,34
1bd10f730.jpg,37,35,35,35
2c8798988.jpg,37,35,35,35
6ac02c02e.jpg,37,35,35,35
827ddb9bb.jpg,37,35,35,35
8ec85e53e.jpg,37,35,35,35
9175ecd9f.jpg,37,35,35,35
c3e8cf277.jpg,37,35,35,35
ec1b7831a.jpg,37,35,35,35
0e2a14a20.jpg,38,36,87,36
303b43858.jpg,38,36,36,79
4e45bec2c.jpg,38,36,36,36
5e4132879.jpg,38,36,36,87
df485738f.jpg,38,36,36,36
0310f0677.jpg,39,37,37,37
046d9d530.jpg,39,37,37,37
08ac1ae36.jpg,39,37,37,97
12ec59ca3.jpg,39,37,37,37
13e845872.jpg,39,37,37,37
1c07118b5.jpg,39,37,37,37
1ccd513f4.jpg,39,37,37,37
34a2dc831.jpg,39,37,5,37
356739f12.jpg,39,37,37,37
4147ea89b.jpg,39,37,37,37
41cafe434.jpg,39,37,37,37
459bcaba8.jpg,39,37,37,37
50b5dee37.jpg,39,37,37,37
52cbad91e.jpg,39,37,37,37
576d56ad5.jpg,39,37,65,8
81662eca9.jpg,39,37,69,37
920784154.jpg,39,37,37,37
9ab51fb81.jpg,39,37,37,37
b335d0ab0.jpg,39,37,37,37
c414e3a73.jpg,39,37,37,37
dc58e57a2.jpg,39,37,83,37
0046b90c4.jpg,4,38,38,38
009bc9cf2.jpg,4,38,38,38
013a7a99b.jpg,4,38,38,38
0283286d7.jpg,4,38,38,38
02d650e94.jpg,4,38,38,38
0334145c5.jpg,4,38,38,38
03414e972.jpg,4,38,38,38
03ca34154.jpg,4,38,38,38
045a75519.jpg,4,38,38,38
059a35798.jpg,4,38,38,38
05dc30de2.jpg,4,38,38,38
05f614861.jpg,4,38,38,38
08cce8493.jpg,4,38,38,38
0b71c7c45.jpg,4,38,38,38
0c063fcbd.jpg,4,38,38,38
0c6cefb68.jpg,4,38,38,38
0d30d47af.jpg,4,38,38,38
0e5dbc312.jpg,4,38,38,38
0e87cb860.jpg,4,38,77,38
0ee1b750c.jpg,4,38,6,6
1024fa2ee.jpg,4,38,38,38
120321cd5.jpg,4,38,38,100
12d7f45e9.jpg,4,38,38,38
1383af352.jpg,4,38,38,38
13abb8e9a.jpg,4,38,38,38
13f06a253.jpg,4,38,38,38
15a22c63e.jpg,4,38,38,38
177121880.jpg,4,38,38,38
18c87e362.jpg,4,38,38,38
1941eef39.jpg,4,38,38,38
1d9c0e5df.jpg,4,38,38,38
1ffdbc9c6.jpg,4,38,38,38
2162693ea.jpg,4,38,38,38
22cc398eb.jpg,4,38,38,38
240619bb2.jpg,4,38,38,38
24bae2747.jpg,4,38,38,38
24d803568.jpg,4,38,38,38
256b30ad4.jpg,4,38,38,38
27504fcf4.jpg,4,38,38,38
28bd65652.jpg,4,38,38,38
28dd04082.jpg,4,38,38,38
28f7c6f51.jpg,4,38,38,77
2ba73ce6d.jpg,4,38,38,38
2bfb8a4dd.jpg,4,38,38,38
2cae741be.jpg,4,38,38,38
2df5addd6.jpg,4,38,38,38
2fac554bb.jpg,4,38,38,38
33447e294.jpg,4,38,38,38
34f045f5e.jpg,4,38,38,38
358691f4c.jpg,4,38,38,38
38b71439b.jpg,4,38,38,38
3a49cd546.jpg,4,38,38,38
3a7bc7a03.jpg,4,38,38,38
3a9cea444.jpg,4,38,38,38
3c8399dac.jpg,4,38,68,10
3cbaa4dc2.jpg,4,38,38,38
3d41995dd.jpg,4,38,38,38
3d89d2081.jpg,4,38,38,38
412021afd.jpg,4,38,38,38
431664397.jpg,4,38,38,38
44c73f52a.jpg,4,38,38,38
46359cae8.jpg,4,38,38,38
4ad26d72a.jpg,4,38,38,38
4d725c1e0.jpg,4,38,38,38
4fbe2511c.jpg,4,38,38,38
51d11c21f.jpg,4,38,6,69
534199312.jpg,4,38,38,38
53c2749be.jpg,4,38,38,38
555a25619.jpg,4,38,38,38
56f2e9d29.jpg,4,38,38,38
59520bf79.jpg,4,38,38,38
596a72c9c.jpg,4,38,38,38
5abf430b0.jpg,4,38,38,38
5d1819ad2.jpg,4,38,38,38
6070747d8.jpg,4,38,38,38
60a958b71.jpg,4,38,38,38
60dc6a201.jpg,4,38,38,38
61964ca14.jpg,4,38,38,38
6275a14b2.jpg,4,38,54,38
63291d556.jpg,4,38,38,38
634eca755.jpg,4,38,38,38
63df02b27.jpg,4,38,38,38
69ba018d3.jpg,4,38,38,38
69e8eafca.jpg,4,38,38,38
69e91ec5a.jpg,4,38,38,38
69ee1fc1f.jpg,4,38,68,38
6befe3086.jpg,4,38,38,38
6c6c48bf5.jpg,4,38,38,38
6e3fa0cc7.jpg,4,38,38,38
6ea200561.jpg,4,38,38,38
725982907.jpg,4,38,38,38
7371cfbed.jpg,4,38,38,38
74f306ed6.jpg,4,38,38,38
75cde64e8.jpg,4,38,38,38
79b195750.jpg,4,38,38,38
79ccff78b.jpg,4,38,38,38
7c0b4eb05.jpg,4,38,38,51
7c6d73889.jpg,4,38,38,38
7cb3e7bfd.jpg,4,38,38,38
7e7e56bd9.jpg,4,38,38,38
7f523775a.jpg,4,38,38,38
80a68004f.jpg,4,38,38,38
818dc64c5.jpg,4,38,38,38
81ff8526c.jpg,4,38,38,38
82cd23eb8.jpg,4,38,38,38
8312a4a11.jpg,4,38,38,38
85316d835.jpg,4,38,38,38
877aa6bba.jpg,4,38,38,38
886eb8326.jpg,4,38,38,38
894830f75.jpg,4,38,38,38
8a8686dfd.jpg,4,38,38,38
8b2146197.jpg,4,38,38,38
8ed89c288.jpg,4,38,38,38
8f6e4c532.jpg,4,38,38,38
8f96b5cb6.jpg,4,38,38,38
92226ad77.jpg,4,38,38,38
95f9c8fb8.jpg,4,38,38,38
9746a8863.jpg,4,38,38,38
986fc0c82.jpg,4,38,38,38
9980d1344.jpg,4,38,38,38
99a0703fc.jpg,4,38,38,38
9afd275bb.jpg,4,38,38,38
9e534e5c4.jpg,4,38,38,38
9e83d06b3.jpg,4,38,38,38
a2c22b285.jpg,4,38,38,38
a3a8b2b8a.jpg,4,38,38,38
a438fb4da.jpg,4,38,38,38
a4f8ca866.jpg,4,38,38,38
a5b7989d7.jpg,4,38,38,38
a5d191082.jpg,4,38,38,38
a8a380e5a.jpg,4,38,38,38
a8fbedac2.jpg,4,38,38,38
a95b2ae61.jpg,4,38,38,38
a97dacfe2.jpg,4,38,38,38
aa4bf000f.jpg,4,38,38,69
ad6c8efd9.jpg,4,38,38,38
afd5428a5.jpg,4,38,38,38
b0ebd0123.jpg,4,38,38,38
b117dd862.jpg,4,38,38,38
b49e3bd23.jpg,4,38,38,38
b546222a9.jpg,4,38,38,38
b6c39124b.jpg,4,38,38,38
b7ba05ac6.jpg,4,38,38,38
b8bff1bbd.jpg,4,38,38,38
b92d0bfb6.jpg,4,38,38,38
b9fd4ff7b.jpg,4,38,38,38
baec98842.jpg,4,38,38,38
bcbd1e975.jpg,4,38,38,38
bd3cc8157.jpg,4,38,38,38
c142e53be.jpg,4,38,38,38
c14b92d5b.jpg,4,38,38,38
c2675f383.jpg,4,38,38,38
c2d80be7b.jpg,4,38,38,38
c3c0e6814.jpg,4,38,38,38
c40ff9053.jpg,4,38,38,38
c48ab44c9.jpg,4,38,38,38
c637d9443.jpg,4,38,38,38
c68a5b6f5.jpg,4,38,38,38
c6fad8746.jpg,4,38,38,38
c724588da.jpg,4,38,38,38
c8a2ba244.jpg,4,38,38,38
cbd3666ac.jpg,4,38,38,38
ccace08e1.jpg,4,38,38,38
ccd35130f.jpg,4,38,38,38
cfab0ea2f.jpg,4,38,38,38
cff8b2e66.jpg,4,38,38,38
d260e5417.jpg,4,38,38,38
d3a9ff931.jpg,4,38,38,38
d5bb491ee.jpg,4,38,38,38
d5deaf1ad.jpg,4,38,38,38
d601fbed2.jpg,4,38,38,38
d60db8f85.jpg,4,38,38,38
d6cc2185c.jpg,4,38,38,38
d9731ccf9.jpg,4,38,38,38
d975d4e2c.jpg,4,38,38,38
d9fdd2dfa.jpg,4,38,38,38
da99a4355.jpg,4,38,38,38
dbedebea8.jpg,4,38,38,38
dc02edbc3.jpg,4,38,38,38
dcba07fbe.jpg,4,38,38,38
e1b6d6cb8.jpg,4,38,38,38
e28fe86fa.jpg,4,38,38,38
e2c8abcec.jpg,4,38,38,38
e53c473e4.jpg,4,38,38,6
e5dc91a86.jpg,4,38,38,38
e65a92739.jpg,4,38,38,38
e6921fe8d.jpg,4,38,38,38
e8b37c1e0.jpg,4,38,38,38
ea0538a5b.jpg,4,38,38,38
eb3c3b661.jpg,4,38,38,38
eff4fce61.jpg,4,38,38,38
f099aa5cf.jpg,4,38,38,38
f10431b64.jpg,4,38,38,38
f182d878c.jpg,4,38,38,38
f35f3080c.jpg,4,38,38,38
f518ce8e0.jpg,4,38,38,38
f786ea99a.jpg,4,38,38,38
f7902141a.jpg,4,38,38,38
f7dc17c5d.jpg,4,38,38,38
fbbb92881.jpg,4,38,38,38
fd5496176.jpg,4,38,38,38
fd811a559.jpg,4,38,38,38
fdca0c7e0.jpg,4,38,38,38
fea07e9fc.jpg,4,38,38,38
ff1d3c729.jpg,4,38,38,38
0f66a622c.jpg,40,39,39,39
121ad1e0f.jpg,40,39,39,39
26510fda2.jpg,40,39,39,39
336c2b62b.jpg,40,39,39,39
438b7ad1f.jpg,40,39,39,39
4c563dffb.jpg,40,39,39,39
616376520.jpg,40,39,39,39
927269e62.jpg,40,39,39,39
9338632bd.jpg,40,39,39,39
955596cb6.jpg,40,39,39,39
abc9ca1c1.jpg,40,39,39,39
b62645b93.jpg,40,39,39,39
c051267f2.jpg,40,39,39,39
e742c21d7.jpg,40,39,39,39
f04c50dcf.jpg,40,39,39,39
f432ea4b7.jpg,40,39,39,39
fb292d145.jpg,40,39,39,39
ff707c77b.jpg,40,39,39,39
030899bf2.jpg,41,40,40,40
062def4f4.jpg,41,40,40,40
0eac20502.jpg,41,40,40,47
21d64bdc5.jpg,41,40,40,40
431430aee.jpg,41,40,40,40
4a9bed45f.jpg,41,40,40,40
5a0769a90.jpg,41,40,40,40
5a5dc93c8.jpg,41,40,40,40
5f3d68de0.jpg,41,40,40,40
71fcdedda.jpg,41,40,40,40
74d8fc22e.jpg,41,40,5,5
7b0c8d856.jpg,41,40,40,40
7d501ef39.jpg,41,40,40,40
7fbec0ea2.jpg,41,40,40,40
809a64c5e.jpg,41,40,40,40
843170420.jpg,41,40,40,40
854a089d0.jpg,41,40,10,40
873104af1.jpg,41,40,40,40
8830955e2.jpg,41,40,40,40
8eb0ca7fd.jpg,41,40,40,40
abb41fae7.jpg,41,40,40,40
bc6ebe533.jpg,41,40,40,40
bcc39043a.jpg,41,40,40,40
c816ed76c.jpg,41,40,40,40
d2f83ab9a.jpg,41,40,40,40
d515c7544.jpg,41,40,40,40
dd85280ac.jpg,41,40,40,46
e3271af46.jpg,41,40,40,40
0bd92dd0e.jpg,42,41,75,41
0e9c25205.jpg,42,41,41,73
0fe9624c9.jpg,42,41,41,94
1c9a2877b.jpg,42,41,41,52
21410b1c5.jpg,42,41,41,73
35d1fa5be.jpg,42,41,41,41
4dd00a2be.jpg,42,41,41,75
63cfa33ae.jpg,42,41,41,40
7169a2306.jpg,42,41,101,101
7da610a67.jpg,42,41,41,68
7f20f1407.jpg,42,41,41,75
92dc8a134.jpg,42,41,33,41
abd9835d5.jpg,42,41,41,68
ac594a206.jpg,42,41,41,41
bce9dee4f.jpg,42,41,41,41
ed6bcca33.jpg,42,41,41,41
ef7ec3672.jpg,42,41,14,16
f07b2b829.jpg,42,41,41,41
022bde95d.jpg,43,42,42,42
03a0d4c7c.jpg,43,42,42,42
0ffc19d87.jpg,43,42,42,42
146decc40.jpg,43,42,42,42
15e66022a.jpg,43,42,42,42
1cfb11352.jpg,43,42,42,42
22a44c1fb.jpg,43,42,42,42
31bce25d6.jpg,43,42,42,42
423322d2f.jpg,43,42,75,98
476b3051a.jpg,43,42,42,42
564115e12.jpg,43,42,95,102
672a2aef4.jpg,43,42,42,42
6bd9e3a1e.jpg,43,42,42,42
7ed7bc418.jpg,43,42,95,42
90a539894.jpg,43,42,42,42
9b5d48917.jpg,43,42,42,42
a33ca54ab.jpg,43,42,42,42
a3a1ae1dd.jpg,43,42,100,26
a67ebefc6.jpg,43,42,42,42
a75b01b37.jpg,43,42,98,75
a8344a491.jpg,43,42,76,81
aa295f34d.jpg,43,42,42,42
b4becad84.jpg,43,42,75,75
b581544c7.jpg,43,42,42,42
b9a86b93b.jpg,43,42,42,42
cfdd56247.jpg,43,42,42,42
d2e608f2a.jpg,43,42,98,98
db9421c9b.jpg,43,42,42,42
e5b1beb0c.jpg,43,42,42,42
ed1b2cfe3.jpg,43,42,44,42
fa83887aa.jpg,43,42,42,42
fe1e0b4c0.jpg,43,42,42,42
6c1b39c83.jpg,44,43,43,43
89e4b2157.jpg,44,43,43,85
bc0d0d950.jpg,44,43,43,43
c12f0a2e8.jpg,44,43,43,43
f4ff508da.jpg,44,43,43,82
0239bb0cc.jpg,45,44,44,44
08123558f.jpg,45,44,44,44
1901af51e.jpg,45,44,44,44
1b3358eec.jpg,45,44,44,44
1b861dc18.jpg,45,44,44,44
1b8a27ed8.jpg,45,44,44,44
2a9398990.jpg,45,44,44,44
2d76d5bf5.jpg,45,44,44,44
2f98c4313.jpg,45,44,25,89
3a9a32891.jpg,45,44,44,44
3db959a6f.jpg,45,44,40,40
43916bc2b.jpg,45,44,44,44
46b24154b.jpg,45,44,44,44
51961aca7.jpg,45,44,47,69
61f80b18b.jpg,45,44,44,44
62b062b8d.jpg,45,44,44,44
657ded1e7.jpg,45,44,44,44
669ee1944.jpg,45,44,44,44
71337a5d0.jpg,45,44,44,44
785710366.jpg,45,44,44,44
7fff0f646.jpg,45,44,44,44
82aa0f808.jpg,45,44,44,44
86d7d5e74.jpg,45,44,44,44
8be440c80.jpg,45,44,44,44
8ceb6d392.jpg,45,44,44,44
8e49ba69c.jpg,45,44,44,44
9394a2b9d.jpg,45,44,44,44
96370026d.jpg,45,44,44,44
97764cee6.jpg,45,44,44,44
97d222e39.jpg,45,44,44,44
98a1f33c8.jpg,45,44,44,44
9f007d016.jpg,45,44,44,44
aa008bdd0.jpg,45,44,46,48
ab5e5b8d7.jpg,45,44,44,44
acd31b69a.jpg,45,44,44,44
adf8afde4.jpg,45,44,38,16
b2234c122.jpg,45,44,44,44
b24cf1696.jpg,45,44,44,44
b6f5ab3b5.jpg,45,44,44,44
b8acd1026.jpg,45,44,44,44
b9d54f02b.jpg,45,44,5,46
c4adb848e.jpg,45,44,44,44
c4c6bb06f.jpg,45,44,44,44
ceae0ff83.jpg,45,44,44,44
d63a88e8f.jpg,45,44,44,44
dbd463c13.jpg,45,44,44,44
e65996710.jpg,45,44,44,44
ebb0ad683.jpg,45,44,50,42
f08a1bcbb.jpg,45,44,44,44
fc1889e82.jpg,45,44,44,44
05145291f.jpg,46,45,45,45
0a215e544.jpg,46,45,45,45
1bca63ffa.jpg,46,45,45,45
1e63d9bfe.jpg,46,45,45,45
1ff47ff5e.jpg,46,45,45,45
2a0bce0d9.jpg,46,45,45,45
30777350b.jpg,46,45,45,45
35a03ba64.jpg,46,45,45,45
428922179.jpg,46,45,45,45
444c57c94.jpg,46,45,45,45
4ec74cf50.jpg,46,45,45,45
54d58fee1.jpg,46,45,45,45
571abc618.jpg,46,45,48,48
592edff85.jpg,46,45,45,45
5a1801fb0.jpg,46,45,45,45
5b87bf3b0.jpg,46,45,45,45
5ba189e96.jpg,46,45,45,45
5c935db56.jpg,46,45,45,45
5dbd959ed.jpg,46,45,48,72
6c0469c03.jpg,46,45,45,45
73bf6234f.jpg,46,45,39,39
753f27682.jpg,46,45,45,45
75b3036a7.jpg,46,45,45,45
7b80079cc.jpg,46,45,45,5
869cd6990.jpg,46,45,45,45
86faab32c.jpg,46,45,48,48
88efe5754.jpg,46,45,45,45
8e05a8631.jpg,46,45,45,45
a94005b7e.jpg,46,45,45,45
db2106898.jpg,46,45,45,53
e61d3550e.jpg,46,45,45,45
e7ede63a5.jpg,46,45,45,45
ecc8d6957.jpg,46,45,45,45
ed63c9382.jpg,46,45,45,45
f813eadd5.jpg,46,45,39,45
f91e68a1d.jpg,46,45,45,45
fd00fa143.jpg,46,45,45,75
00e52a3b1.jpg,47,46,46,46
0584e08b3.jpg,47,46,46,46
0936ba5c3.jpg,47,46,46,46
0aaa73bc0.jpg,47,46,46,10
0c8fcdc99.jpg,47,46,46,46
179b3f3dd.jpg,47,46,46,46
1e28dfbaf.jpg,47,46,46,46
1e2aac5ef.jpg,47,46,46,46
1ead61d46.jpg,47,46,46,46
26a29c249.jpg,47,46,46,46
2cf75e99d.jpg,47,46,46,46
30980cb26.jpg,47,46,46,48
32202f6c8.jpg,47,46,46,46
363e40b3a.jpg,47,46,46,48
3bc14ae78.jpg,47,46,46,46
421c31140.jpg,47,46,46,46
42f8b3faa.jpg,47,46,52,46
4323bfcb6.jpg,47,46,46,46
4991ede5f.jpg,47,46,46,46
49ae8d63e.jpg,47,46,47,47
4b09c6782.jpg,47,46,46,46
4e9a39bcc.jpg,47,46,46,46
4ffcb0a64.jpg,47,46,46,46
5322f22c1.jpg,47,46,46,46
55e90c895.jpg,47,46,46,46
618ab15d8.jpg,47,46,46,46
61e06b732.jpg,47,46,46,46
6203d4671.jpg,47,46,46,46
661266eab.jpg,47,46,38,38
66fe877ee.jpg,47,46,46,46
6d1ead6d5.jpg,47,46,46,46
7ba77744d.jpg,47,46,53,46
7c0876a18.jpg,47,46,46,46
7c6a01c77.jpg,47,46,46,46
7e7105332.jpg,47,46,46,46
8488d9e46.jpg,47,46,46,40
8543b0103.jpg,47,46,46,46
864447d49.jpg,47,46,46,46
8ba9fb043.jpg,47,46,46,46
8bfdb93f3.jpg,47,46,46,46
8cf585dc6.jpg,47,46,46,46
99327b02f.jpg,47,46,46,46
99af33a6a.jpg,47,46,46,46
9a4f37091.jpg,47,46,46,46
a2c1f5f26.jpg,47,46,46,46
a480d4b08.jpg,47,46,46,46
a874fe9b4.jpg,47,46,46,46
ab46aab75.jpg,47,46,46,46
b0ff73c63.jpg,47,46,46,46
bcb849f26.jpg,47,46,46,46
bde817d32.jpg,47,46,46,46
c25352d0b.jpg,47,46,46,46
c545467e6.jpg,47,46,46,46
c77bf02d6.jpg,47,46,46,46
c9e35445b.jpg,47,46,46,46
cacde938b.jpg,47,46,46,46
cc82d2391.jpg,47,46,46,46
cda9521bb.jpg,47,46,46,46
cfe80af8b.jpg,47,46,46,46
d130b71b4.jpg,47,46,46,46
d46e2598f.jpg,47,46,46,46
d8df6d29a.jpg,47,46,46,46
d9a28c3dd.jpg,47,46,46,46
da28cce3c.jpg,47,46,46,46
e26532212.jpg,47,46,46,46
e3c3f094c.jpg,47,46,46,46
e3ef49156.jpg,47,46,46,46
ea90c42dc.jpg,47,46,46,46
eb79771d0.jpg,47,46,46,46
eed946721.jpg,47,46,46,46
ef77c4a9a.jpg,47,46,46,46
f08cf4f20.jpg,47,46,46,46
f1865516a.jpg,47,46,46,46
f348bff35.jpg,47,46,46,48
fd9751953.jpg,47,46,46,46
ff99ea591.jpg,47,46,46,46
000bd9a4b.jpg,48,47,47,47
00168e63e.jpg,48,47,47,47
01507398c.jpg,48,47,47,47
08354cfbb.jpg,48,47,47,47
09e392222.jpg,48,47,47,47
0b04b9149.jpg,48,47,47,47
0b61b3435.jpg,48,47,47,47
0d2917975.jpg,48,47,47,46
0dc3a6ba0.jpg,48,47,47,47
113239764.jpg,48,47,47,47
11a5e9111.jpg,48,47,53,45
14cded17e.jpg,48,47,47,47
18c275672.jpg,48,47,47,47
1b004c89d.jpg,48,47,47,47
1dc493b12.jpg,48,47,47,47
1fa321854.jpg,48,47,47,47
201e8b2e4.jpg,48,47,47,47
20a0cd495.jpg,48,47,48,48
2186b445b.jpg,48,47,47,47
21a81446e.jpg,48,47,47,71
27aa3e8b7.jpg,48,47,47,47
2ab47180f.jpg,48,47,47,47
2b43149f3.jpg,48,47,69,48
2da79b168.jpg,48,47,47,47
2e787d368.jpg,48,47,47,47
2e9ddead3.jpg,48,47,47,47
304e5e95f.jpg,48,47,47,47
327375b88.jpg,48,47,48,5
3348cf813.jpg,48,47,47,47
3909ac4b2.jpg,48,47,47,47
40c6426f6.jpg,48,47,48,48
437b94fe8.jpg,48,47,47,47
4631f435c.jpg,48,47,47,47
475d92ca9.jpg,48,47,47,47
475f5facc.jpg,48,47,47,47
4842f9dc9.jpg,48,47,47,47
49affe397.jpg,48,47,47,47
4e0433d78.jpg,48,47,47,47
4e4da335b.jpg,48,47,47,47
51fe372bb.jpg,48,47,47,47
521b46bf0.jpg,48,47,47,47
540e9c4e2.jpg,48,47,47,47
55771b759.jpg,48,47,47,47
5582bf689.jpg,48,47,47,47
56f1067be.jpg,48,47,47,47
576c48d33.jpg,48,47,47,47
57943da47.jpg,48,47,47,47
5b46186d1.jpg,48,47,47,47
5bf304d59.jpg,48,47,47,47
5e3dde9dc.jpg,48,47,47,47
642ca51fb.jpg,48,47,47,47
6aa499dd3.jpg,48,47,47,47
6e21124f3.jpg,48,47,47,47
7479775d3.jpg,48,47,47,47
74ef41415.jpg,48,47,47,47
78acf24c0.jpg,48,47,47,47
7a83626d9.jpg,48,47,47,47
7a85351fb.jpg,48,47,47,47
7d43becb3.jpg,48,47,47,47
7e58b7901.jpg,48,47,47,47
7ee91ff25.jpg,48,47,47,47
80e07d396.jpg,48,47,47,47
8291278eb.jpg,48,47,47,47
82b362a6f.jpg,48,47,47,47
8369491a7.jpg,48,47,47,47
857307e6e.jpg,48,47,47,69
87e4caa4b.jpg,48,47,47,47
8ac59dd0e.jpg,48,47,47,47
8bc7baeaa.jpg,48,47,47,47
8c1e054c1.jpg,48,47,47,65
8eb615d96.jpg,48,47,47,47
8f47912ad.jpg,48,47,47,47
9017e7c40.jpg,48,47,47,47
96d0a8bf2.jpg,48,47,47,47
976abeff3.jpg,48,47,47,47
98e6e84a9.jpg,48,47,59,47
9cbd095b1.jpg,48,47,47,47
9ed83d71b.jpg,48,47,47,47
a0c743c1d.jpg,48,47,47,47
a3a805ed9.jpg,48,47,47,47
a3db418da.jpg,48,47,47,47
a56f2b035.jpg,48,47,47,47
a70eaf648.jpg,48,47,47,47
a777e0035.jpg,48,47,47,47
aa852f612.jpg,48,47,47,47
ac1b377cd.jpg,48,47,47,47
ac57b6db6.jpg,48,47,47,47
ade872b94.jpg,48,47,47,47
aeed4727c.jpg,48,47,47,47
af61756c9.jpg,48,47,47,47
af6dcedc5.jpg,48,47,47,47
afd6dd88f.jpg,48,47,47,47
b1607578c.jpg,48,47,47,47
b1e9a661c.jpg,48,47,47,47
b27066fa7.jpg,48,47,47,47
b6b8fee64.jpg,48,47,47,47
b70ee5b7c.jpg,48,47,47,47
ba148a1f3.jpg,48,47,47,47
baa83abf5.jpg,48,47,47,47
bd6e78828.jpg,48,47,47,47
bd8b1a4ea.jpg,48,47,47,47
bd970c787.jpg,48,47,47,47
c1e86f371.jpg,48,47,47,47
c4476c3c3.jpg,48,47,72,68
cd86a8e60.jpg,48,47,47,47
d0caf04b9.jpg,48,47,5,5
dd19a201c.jpg,48,47,47,47
e36a69d85.jpg,48,47,47,47
e3ab80e31.jpg,48,47,47,47
e5ce8c209.jpg,48,47,47,47
e72a2de91.jpg,48,47,47,47
e91534e1d.jpg,48,47,47,47
ebc07f7ca.jpg,48,47,47,95
ec68600ed.jpg,48,47,47,47
f4431a8c3.jpg,48,47,47,47
f538e10ae.jpg,48,47,47,40
f5f9b3423.jpg,48,47,47,47
f6b427a97.jpg,48,47,47,47
f7ce52ed6.jpg,48,47,47,47
fd08eccb5.jpg,48,47,47,47
fd80ef289.jpg,48,47,47,47
fdf088f3e.jpg,48,47,47,47
fea3b6504.jpg,48,47,47,47
052a1567a.jpg,49,48,48,48
07e16b063.jpg,49,48,48,48
090a3604e.jpg,49,48,48,48
0afeed3c2.jpg,49,48,48,48
0f26d484e.jpg,49,48,48,48
12cea176e.jpg,49,48,48,48
167af3184.jpg,49,48,48,48
176395278.jpg,49,48,48,48
1824148be.jpg,49,48,48,48
192f99c1b.jpg,49,48,48,48
1b662d2fd.jpg,49,48,48,48
1d6996e53.jpg,49,48,48,48
1f3cd1e5a.jpg,49,48,47,48
1fd0106c2.jpg,49,48,48,48
21ae6cfd4.jpg,49,48,48,48
222723281.jpg,49,48,48,48
229b0bf40.jpg,49,48,48,48
24b37212a.jpg,49,48,48,48
26da1d85b.jpg,49,48,48,48
27370a74c.jpg,49,48,48,48
2742a2794.jpg,49,48,48,48
2c82df6a2.jpg,49,48,48,0
2dcae1522.jpg,49,48,48,46
2fa1dc02c.jpg,49,48,48,48
31155d74c.jpg,49,48,48,48
31f5b9d6c.jpg,49,48,48,48
33b1cfa99.jpg,49,48,48,48
33efba88b.jpg,49,48,48,48
37a3627e4.jpg,49,48,48,48
3891239e4.jpg,49,48,48,48
38d595139.jpg,49,48,48,48
3939f2dc9.jpg,49,48,48,48
3bb40cdd2.jpg,49,48,48,48
3c47457ae.jpg,49,48,48,48
3cdc14dd6.jpg,49,48,48,48
3d5a0fe5b.jpg,49,48,48,48
3e7cabe26.jpg,49,48,48,48
40609c040.jpg,49,48,48,48
40851d3ad.jpg,49,48,48,48
40eac4266.jpg,49,48,48,48
419e489d3.jpg,49,48,48,48
4456daf95.jpg,49,48,48,48
454f2ff92.jpg,49,48,48,48
4897542e7.jpg,49,48,48,48
4dab7fa08.jpg,49,48,5,5
4f14f22ea.jpg,49,48,48,48
5108ce9de.jpg,49,48,48,48
52469514c.jpg,49,48,48,48
52747d5f6.jpg,49,48,48,48
5334b04d0.jpg,49,48,48,48
56eab115f.jpg,49,48,48,48
583989fdc.jpg,49,48,48,48
5a0b735e3.jpg,49,48,48,48
5a5581311.jpg,49,48,48,48
5a8db8cf3.jpg,49,48,48,48
5c1fe9a57.jpg,49,48,48,48
5eec0b123.jpg,49,48,48,48
609ba79ec.jpg,49,48,48,48
636e9355f.jpg,49,48,48,48
6421b7d75.jpg,49,48,48,48
6423ca911.jpg,49,48,48,48
64cd9b2a1.jpg,49,48,48,48
653ffd62c.jpg,49,48,48,48
67d624d4d.jpg,49,48,48,48
699c97ab6.jpg,49,48,48,48
6a21b035f.jpg,49,48,48,48
6b301218c.jpg,49,48,48,48
6c0018135.jpg,49,48,48,48
6d0387ee4.jpg,49,48,48,48
6e51c3c7b.jpg,49,48,48,48
6f3462cde.jpg,49,48,48,48
70f445700.jpg,49,48,48,48
7160b87bc.jpg,49,48,48,48
71a029043.jpg,49,48,48,48
725820f29.jpg,49,48,48,48
72630a046.jpg,49,48,48,48
74a0cb2cb.jpg,49,48,48,48
7617f66c5.jpg,49,48,48,48
794037a99.jpg,49,48,48,48
7ab27d70e.jpg,49,48,48,48
7e6a0fc81.jpg,49,48,48,48
7f1d283f6.jpg,49,48,48,48
80c25a715.jpg,49,48,48,48
812365ef3.jpg,49,48,48,48
82c729a02.jpg,49,48,48,48
82de71390.jpg,49,48,48,48
8384311e0.jpg,49,48,48,48
85df71ac0.jpg,49,48,48,48
87dd14b42.jpg,49,48,48,48
88d047116.jpg,49,48,48,48
894732753.jpg,49,48,48,48
8b677f6d7.jpg,49,48,48,48
8b7b667ba.jpg,49,48,48,48
91a4f1041.jpg,49,48,48,48
91cb7149c.jpg,49,48,48,48
93106a5f5.jpg,49,48,48,48
942b5a96e.jpg,49,48,48,48
948a1b077.jpg,49,48,48,48
94d6f241e.jpg,49,48,48,48
95b6aeb23.jpg,49,48,48,48
96379ff01.jpg,49,48,47,47
9a605ab25.jpg,49,48,48,48
9bfbd9c98.jpg,49,48,48,48
9cfed6709.jpg,49,48,48,48
9e1727951.jpg,49,48,48,48
9f8f402ba.jpg,49,48,48,48
a16aca92d.jpg,49,48,48,48
a1cb76239.jpg,49,48,48,48
a57c2559e.jpg,49,48,48,48
a9e78a499.jpg,49,48,48,48
aa5e5c270.jpg,49,48,48,48
aab258fd4.jpg,49,48,48,48
ab8d52566.jpg,49,48,48,48
af9e44c4c.jpg,49,48,48,48
b1988d504.jpg,49,48,48,48
b23057985.jpg,49,48,48,48
b39ab8045.jpg,49,48,48,48
b4e153058.jpg,49,48,48,48
b5ea48042.jpg,49,48,48,48
b89b6f183.jpg,49,48,48,48
bb2920591.jpg,49,48,48,53
bbbedf1b8.jpg,49,48,48,53
bfcd8c295.jpg,49,48,48,48
c13a7d9fb.jpg,49,48,48,5
c1859ef88.jpg,49,48,48,48
c3801c209.jpg,49,48,48,48
c940d3a92.jpg,49,48,48,48
c9defaa8f.jpg,49,48,48,48
ca1d21d39.jpg,49,48,48,48
cca14f994.jpg,49,48,48,48
cdda72fc3.jpg,49,48,48,48
cfb37936f.jpg,49,48,48,40
d52eb73b9.jpg,49,48,48,48
d55c77e5d.jpg,49,48,48,75
d5a36c9fe.jpg,49,48,48,48
d6f5213f4.jpg,49,48,48,48
d79a14076.jpg,49,48,48,48
d7a8bc7b0.jpg,49,48,48,6
d86d4b82a.jpg,49,48,48,48
d97d344b7.jpg,49,48,48,48
da6582b14.jpg,49,48,48,48
db927d2a4.jpg,49,48,48,48
de1096abb.jpg,49,48,48,48
df7a2acb2.jpg,49,48,48,48
dfacc036d.jpg,49,48,48,48
dfff263d9.jpg,49,48,48,48
e0587bcfa.jpg,49,48,48,48
e090cad0a.jpg,49,48,48,48
e0975de08.jpg,49,48,48,48
e768907ed.jpg,49,48,48,48
e7c167b22.jpg,49,48,48,48
eaa1c5590.jpg,49,48,48,48
ecb7664cc.jpg,49,48,53,40
ed2cb6cbd.jpg,49,48,48,48
edb674b56.jpg,49,48,48,48
f1cfe9a7b.jpg,49,48,48,48
f2030dfe6.jpg,49,48,48,48
f20db4d1b.jpg,49,48,48,46
f3955d2b4.jpg,49,48,48,48
f40fd9282.jpg,49,48,48,48
f438f64da.jpg,49,48,48,48
f50c48d4a.jpg,49,48,48,48
fd48f6092.jpg,49,48,48,48
fd987c41e.jpg,49,48,48,48
11d21df27.jpg,5,49,49,49
1497509d1.jpg,5,49,49,46
1af335dd4.jpg,5,49,49,49
3424a5f62.jpg,5,49,49,49
36e981085.jpg,5,49,49,49
457decf8c.jpg,5,49,49,49
47d38315f.jpg,5,49,49,49
4dadcf03b.jpg,5,49,49,49
4e0638f3a.jpg,5,49,49,49
4ffa4be55.jpg,5,49,49,49
5726d3642.jpg,5,49,56,46
590f0b469.jpg,5,49,49,71
674ac6e71.jpg,5,49,49,49
805e930bc.jpg,5,49,5,53
8e48da3f5.jpg,5,49,73,13
a66a9dbca.jpg,5,49,49,49
a9d2addfc.jpg,5,49,49,49
ab941e7c7.jpg,5,49,49,49
b17c51b58.jpg,5,49,49,49
cb9662899.jpg,5,49,49,49
d9407c9b9.jpg,5,49,49,49
f2cd50ac9.jpg,5,49,49,49
f4e966e55.jpg,5,49,49,49
fe167eb64.jpg,5,49,49,49
fe96ac480.jpg,5,49,49,49
0177a1765.jpg,50,50,50,50
0904841ec.jpg,50,50,50,50
0c95b1f32.jpg,50,50,50,50
120515800.jpg,50,50,50,75
121d6e2cf.jpg,50,50,50,50
1e1604503.jpg,50,50,50,50
1e38ca908.jpg,50,50,50,50
21eb6eaec.jpg,50,50,50,29
2470409a6.jpg,50,50,50,94
34958af10.jpg,50,50,50,50
3662a1bd3.jpg,50,50,50,50
396a854a6.jpg,50,50,50,50
415dcf5f5.jpg,50,50,50,50
4485c5d90.jpg,50,50,50,50
47b426070.jpg,50,50,50,50
48b5897f6.jpg,50,50,50,50
49b12d41d.jpg,50,50,50,50
4b937db60.jpg,50,50,50,50
4d36db3dc.jpg,50,50,50,50
5067fe536.jpg,50,50,50,50
526dc1166.jpg,50,50,50,50
5953a9d28.jpg,50,50,50,50
5a3c8c197.jpg,50,50,50,50
5b6571c4d.jpg,50,50,28,98
5cc13f1ed.jpg,50,50,77,77
62fa21521.jpg,50,50,50,50
668588f9b.jpg,50,50,50,50
6a62107b4.jpg,50,50,50,50
6efccff8c.jpg,50,50,50,50
72ce959c4.jpg,50,50,50,50
73a8edeb5.jpg,50,50,50,50
7589aa09e.jpg,50,50,50,50
7766a3e32.jpg,50,50,50,50
79b13b0a2.jpg,50,50,50,50
7e56282d5.jpg,50,50,50,50
83d04cb91.jpg,50,50,50,50
895bafabb.jpg,50,50,50,50
8c15a43e8.jpg,50,50,50,76
8dba7b3ec.jpg,50,50,50,50
8dfeda5a7.jpg,50,50,50,50
90a68cc8e.jpg,50,50,77,77
94854539e.jpg,50,50,50,50
a9ca98654.jpg,50,50,50,50
ac33b2eaf.jpg,50,50,50,50
b1185fa34.jpg,50,50,101,98
b17add641.jpg,50,50,50,50
b41dfc416.jpg,50,50,50,50
b4270af2c.jpg,50,50,50,50
bfcc76995.jpg,50,50,28,28
c30da20c0.jpg,50,50,50,50
d39dc9206.jpg,50,50,101,101
e16d58725.jpg,50,50,50,50
e58668f2b.jpg,50,50,50,50
e77184314.jpg,50,50,50,50
ea9715cd6.jpg,50,50,50,50
f33c44806.jpg,50,50,50,50
f34dd1126.jpg,50,50,50,50
fd005b25a.jpg,50,50,50,50
046e95596.jpg,51,51,77,77
13a10ff83.jpg,51,51,51,51
17d69ac03.jpg,51,51,51,51
18074529a.jpg,51,51,51,51
1bb58935c.jpg,51,51,51,51
22c6de6b2.jpg,51,51,51,51
2487554df.jpg,51,51,51,51
411a05053.jpg,51,51,51,51
41dc86276.jpg,51,51,51,51
426fca18f.jpg,51,51,51,51
42d3d7276.jpg,51,51,51,2
5002867de.jpg,51,51,51,51
7e0123073.jpg,51,51,51,51
7ef9a7239.jpg,51,51,51,51
82c81dafb.jpg,51,51,51,51
8923fbf8f.jpg,51,51,51,51
8b31d858a.jpg,51,51,51,51
8c902471a.jpg,51,51,51,51
95a459328.jpg,51,51,51,51
96a225c29.jpg,51,51,51,83
97e317690.jpg,51,51,51,51
9830b292d.jpg,51,51,51,51
a42cb77d8.jpg,51,51,51,51
aac5018ed.jpg,51,51,51,51
c225aa8c7.jpg,51,51,51,51
cc15f8d8e.jpg,51,51,51,51
d35fbfaaa.jpg,51,51,51,51
da7201134.jpg,51,51,51,51
e0962b484.jpg,51,51,51,51
e87467141.jpg,51,51,51,51
044190726.jpg,52,52,52,52
1a0ccc7f3.jpg,52,52,52,52
281462c2d.jpg,52,52,47,47
40cee4a44.jpg,52,52,52,52
4540e43a2.jpg,52,52,52,52
45ce6fde3.jpg,52,52,52,52
4775c9c18.jpg,52,52,26,52
52e42236c.jpg,52,52,52,52
557ca9270.jpg,52,52,52,99
5b1e2c6ec.jpg,52,52,40,40
5eee98515.jpg,52,52,52,52
62b4ad6c2.jpg,52,52,52,52
766d66c15.jpg,52,52,52,52
821ffda0e.jpg,52,52,40,52
8397b89d8.jpg,52,52,52,52
989d3c8f2.jpg,52,52,52,52
a783e11e4.jpg,52,52,52,52
a89e8c21c.jpg,52,52,52,52
b6dded260.jpg,52,52,52,24
c56c9d036.jpg,52,52,52,52
c786e3596.jpg,52,52,52,52
ca4cda6ee.jpg,52,52,52,52
dce4d6727.jpg,52,52,0,52
e195a06a9.jpg,52,52,52,52
e3bcb2280.jpg,52,52,52,52
e3cbf4e5e.jpg,52,52,52,52
e47a9c6df.jpg,52,52,52,52
e7abfa15f.jpg,52,52,46,46
e8b808be0.jpg,52,52,69,69
e9a44f420.jpg,52,52,10,46
ec39c120a.jpg,52,52,52,52
ede57b90a.jpg,52,52,61,44
f37781503.jpg,52,52,52,52
029443e72.jpg,53,53,53,53
02c28cd07.jpg,53,53,53,53
039e5d1d8.jpg,53,53,53,53
04fb21559.jpg,53,53,53,53
050b73cf2.jpg,53,53,53,53
0c948d06c.jpg,53,53,53,53
0d78ccae3.jpg,53,53,53,53
0ed71fb33.jpg,53,53,53,53
11b4cc2ac.jpg,53,53,48,48
133e3a619.jpg,53,53,53,53
141d5d252.jpg,53,53,53,53
1463f248d.jpg,53,53,53,53
1482aa836.jpg,53,53,48,53
15ae6dc52.jpg,53,53,53,53
16244b154.jpg,53,53,53,53
189b1a09e.jpg,53,53,53,53
1ddf106f9.jpg,53,53,53,53
1f80533ec.jpg,53,53,53,53
201c17c5e.jpg,53,53,63,53
2023d3cac.jpg,53,53,63,63
204ff066d.jpg,53,53,53,53
2108828a1.jpg,53,53,53,53
21e055197.jpg,53,53,53,53
25f5a4b4c.jpg,53,53,89,9
2f2a11ef4.jpg,53,53,48,74
30158656c.jpg,53,53,48,53
323089552.jpg,53,53,53,53
39ddbfad9.jpg,53,53,53,53
3b3090562.jpg,53,53,53,53
3c3d2db9c.jpg,53,53,53,53
3c3e38a0e.jpg,53,53,53,53
3c74be9a9.jpg,53,53,53,53
3cb52efc8.jpg,53,53,53,53
3e0aa0936.jpg,53,53,53,53
3fae974f7.jpg,53,53,53,53
40ba33324.jpg,53,53,53,53
4370faf64.jpg,53,53,53,53
474cf019c.jpg,53,53,53,53
4871e1d9a.jpg,53,53,53,53
4b2cb9e3f.jpg,53,53,53,53
4efaa92a5.jpg,53,53,53,53
4f470225b.jpg,53,53,53,53
50181fed0.jpg,53,53,53,53
53d88deea.jpg,53,53,53,53
55d080dcf.jpg,53,53,53,53
589c96c9c.jpg,53,53,53,53
58be0487a.jpg,53,53,53,53
59004c429.jpg,53,53,53,53
590c03a7c.jpg,53,53,53,53
5a63baaf7.jpg,53,53,53,53
5d355e430.jpg,53,53,53,53
61fec71c2.jpg,53,53,53,53
6235de0dc.jpg,53,53,53,53
6423cd23e.jpg,53,53,63,48
64bc3d601.jpg,53,53,53,53
6682ac8d7.jpg,53,53,53,53
66fd007a6.jpg,53,53,6,53
6723f03d0.jpg,53,53,53,53
677e48b7a.jpg,53,53,53,53
6838a4aa9.jpg,53,53,53,53
695d2d59e.jpg,53,53,53,53
6bd543618.jpg,53,53,52,46
6c7790536.jpg,53,53,53,53
6e3d1347b.jpg,53,53,53,53
711d227a4.jpg,53,53,53,53
7177dfb96.jpg,53,53,53,48
7183ef755.jpg,53,53,53,53
724be8987.jpg,53,53,53,53
727f1fe4c.jpg,53,53,53,53
72d228375.jpg,53,53,53,53
737580118.jpg,53,53,46,63
73e21dd60.jpg,53,53,53,53
7551df24a.jpg,53,53,53,53
787ef23c9.jpg,53,53,53,53
78e4520d8.jpg,53,53,53,53
7ab9f5e76.jpg,53,53,53,58
7abc31931.jpg,53,53,53,53
7d4a3b954.jpg,53,53,53,53
7db6c1975.jpg,53,53,72,48
7e54a8544.jpg,53,53,53,53
7fc28b0b1.jpg,53,53,53,53
80af74b70.jpg,53,53,53,53
841f1db66.jpg,53,53,53,53
853f76453.jpg,53,53,53,53
8a46239cf.jpg,53,53,53,53
907981c5c.jpg,53,53,53,53
95533e76a.jpg,53,53,53,53
970bddb94.jpg,53,53,53,53
9a3e985f1.jpg,53,53,53,53
9cad3a59b.jpg,53,53,53,53
a30a4284d.jpg,53,53,53,53
a3ec8c96c.jpg,53,53,53,53
a46a261ec.jpg,53,53,53,53
a640a8062.jpg,53,53,53,53
aafe1477a.jpg,53,53,53,53
ac25b0aa6.jpg,53,53,53,53
ac293c1bf.jpg,53,53,53,53
aedae9e6e.jpg,53,53,53,53
af82e90ff.jpg,53,53,53,53
b0f1cb310.jpg,53,53,53,53
b1c254752.jpg,53,53,53,53
b63b79e4a.jpg,53,53,53,53
bcb2f5ca5.jpg,53,53,53,53
be6aca79f.jpg,53,53,53,53
c576b2652.jpg,53,53,48,53
c7821dd8f.jpg,53,53,53,53
c9fc27bda.jpg,53,53,53,53
ca056a334.jpg,53,53,53,53
cac4e49d1.jpg,53,53,72,53
cc334b268.jpg,53,53,53,53
cd0399008.jpg,53,53,53,53
ce3ec23ba.jpg,53,53,53,53
cfbeaf8da.jpg,53,53,53,53
d013e6408.jpg,53,53,53,53
d07ab3f0e.jpg,53,53,53,53
d81b049ce.jpg,53,53,53,53
d81f93015.jpg,53,53,53,53
daa31fc21.jpg,53,53,63,53
dd548fe88.jpg,53,53,52,53
df2378692.jpg,53,53,53,45
e0cba0b1c.jpg,53,53,53,53
e1bdc56c0.jpg,53,53,53,53
e4acee3ee.jpg,53,53,53,53
e4b3b36a6.jpg,53,53,53,53
e6c689035.jpg,53,53,48,63
eaa1f7dc2.jpg,53,53,53,53
edbe02c7c.jpg,53,53,53,53
ef945a176.jpg,53,53,63,63
f27f9a100.jpg,53,53,63,53
f324402fd.jpg,53,53,53,53
f739f3e83.jpg,53,53,63,53
f9a0556c3.jpg,53,53,53,53
f9f5380bb.jpg,53,53,53,53
fd415075c.jpg,53,53,53,53
17df3238d.jpg,54,54,54,54
3d11bfc4f.jpg,54,54,54,54
56281374d.jpg,54,54,54,54
5c5693087.jpg,54,54,54,54
965a2eb37.jpg,54,54,54,54
9b546a471.jpg,54,54,54,54
bcdfadb76.jpg,54,54,54,54
bed766213.jpg,54,54,54,54
bfcdbeb1c.jpg,54,54,54,54
e8105f143.jpg,54,54,54,54
f613513ac.jpg,54,54,54,54
17cc21567.jpg,55,55,55,55
30a231188.jpg,55,55,55,55
3980a68b6.jpg,55,55,55,55
50f569281.jpg,55,55,55,55
57fb838db.jpg,55,55,55,55
5a7792d79.jpg,55,55,55,55
60bc17aeb.jpg,55,55,55,55
69fbeb17d.jpg,55,55,55,55
6d35a6f71.jpg,55,55,55,55
791b98a3d.jpg,55,55,55,55
807776bf4.jpg,55,55,55,55
965962882.jpg,55,55,55,55
9a9d4569a.jpg,55,55,55,55
b9b6ff66b.jpg,55,55,55,55
c6eb3d944.jpg,55,55,55,55
d00bae2ea.jpg,55,55,55,55
e1d72b889.jpg,55,55,55,55
1663425a0.jpg,56,56,56,56
17002a503.jpg,56,56,56,56
192337d12.jpg,56,56,56,56
1983930fd.jpg,56,56,56,56
1bddd5d34.jpg,56,56,9,68
1ee65f40b.jpg,56,56,56,56
20b822538.jpg,56,56,56,56
20d4775ca.jpg,56,56,56,56
28582d1ad.jpg,56,56,56,56
2b5581985.jpg,56,56,56,56
499d9fe5c.jpg,56,56,56,75
511b1c2f7.jpg,56,56,6,68
70cc64777.jpg,56,56,56,56
72d0f82be.jpg,56,56,56,56
756105489.jpg,56,56,56,56
8c4ca838b.jpg,56,56,56,56
94e571fd3.jpg,56,56,56,56
9c0d1b1de.jpg,56,56,56,56
a337d4730.jpg,56,56,56,6
ba6d796e5.jpg,56,56,56,56
bb6243145.jpg,56,56,56,56
c7838963a.jpg,56,56,56,56
cc6c87ef8.jpg,56,56,56,81
dc32ca7c2.jpg,56,56,56,56
df1fd14b4.jpg,56,56,56,56
ff45d7fba.jpg,56,56,56,56
05ebca375.jpg,57,57,57,57
1608b21c4.jpg,57,57,57,57
2aa2b44b1.jpg,57,57,57,57
3d5f7311a.jpg,57,57,57,57
4a66d2e45.jpg,57,57,57,57
52b970416.jpg,57,57,57,57
5364d33a0.jpg,57,57,57,57
602c456f8.jpg,57,57,57,57
7b5f62054.jpg,57,57,57,57
7e079f1a5.jpg,57,57,57,57
9c675039e.jpg,57,57,57,57
b5617f79d.jpg,57,57,57,57
be92fedb2.jpg,57,57,57,57
c4de29188.jpg,57,57,57,57
d4b3e99c6.jpg,57,57,57,57
dd053d4ff.jpg,57,57,57,57
e965b9a66.jpg,57,57,57,57
e9c4827ee.jpg,57,57,57,57
0674d8839.jpg,58,58,58,58
24c5cf439.jpg,58,58,58,58
45ff79cf3.jpg,58,58,58,58
587bcee6b.jpg,58,58,58,58
5be2888f7.jpg,58,58,58,58
7009413ee.jpg,58,58,58,58
a0d7abc59.jpg,58,58,58,58
baaf68fd9.jpg,58,58,58,58
d65522165.jpg,58,58,58,58
f5ab614ca.jpg,58,58,58,58
15e158cb1.jpg,59,59,59,59
1723847eb.jpg,59,59,59,59
172f84936.jpg,59,59,59,59
1901a0856.jpg,59,59,59,59
28ac52140.jpg,59,59,59,59
34d3f49c4.jpg,59,59,59,59
4895e2f23.jpg,59,59,59,59
6530aefa4.jpg,59,59,59,59
6ec1392a5.jpg,59,59,59,59
a0e992508.jpg,59,59,59,59
b4c3eeeab.jpg,59,59,59,59
b564eafa6.jpg,59,59,59,59
b5a6eb291.jpg,59,59,59,59
c54bd40f1.jpg,59,59,59,59
d76c017b1.jpg,59,59,59,59
e46db37cb.jpg,59,59,59,59
e84bcdf88.jpg,59,59,59,59
08bdf7ae9.jpg,6,60,60,60
1db3a1ff5.jpg,6,60,60,60
5d7bd8b7e.jpg,6,60,60,60
760a48da4.jpg,6,60,75,60
a33217173.jpg,6,60,60,60
07dc648e0.jpg,60,61,61,61
2147428da.jpg,60,61,61,61
47798b41f.jpg,60,61,61,61
6be1a9f58.jpg,60,61,61,61
c46282bf6.jpg,60,61,61,61
cfeda0d35.jpg,60,61,61,61
dc4f37d0a.jpg,60,61,61,61
f54e23f49.jpg,60,61,61,61
13bda3f6f.jpg,61,62,62,62
265466bdf.jpg,61,62,62,62
64019bb7a.jpg,61,62,62,62
7b9d576f0.jpg,61,62,6,62
ca833f504.jpg,61,62,62,62
e699222b6.jpg,61,62,69,62
ef867e1c3.jpg,61,62,62,62
ff5d00a05.jpg,61,62,62,62
03de85d79.jpg,62,63,53,53
17d27129e.jpg,62,63,63,63
1c05bdc4e.jpg,62,63,63,63
2069ff5db.jpg,62,63,63,63
31b48b35c.jpg,62,63,63,63
32c9d6aaa.jpg,62,63,63,63
34dfc29ae.jpg,62,63,63,63
395c92486.jpg,62,63,63,63
3c0c4d948.jpg,62,63,63,63
3d00766dd.jpg,62,63,63,48
423e3d4cb.jpg,62,63,63,63
4a0c696af.jpg,62,63,63,63
4e9e814e5.jpg,62,63,63,63
50a8c952b.jpg,62,63,63,63
51614c872.jpg,62,63,63,63
604dc1f6f.jpg,62,63,63,63
60d6a62a1.jpg,62,63,63,63
6ce607d99.jpg,62,63,53,63
7981ae9d5.jpg,62,63,63,63
7cbbc3629.jpg,62,63,63,63
8c29c4e17.jpg,62,63,63,63
9bb6f9ddc.jpg,62,63,63,63
a9e2f7ed1.jpg,62,63,63,63
d05ba893e.jpg,62,63,63,63
e4573e28b.jpg,62,63,63,63
f492b54ce.jpg,62,63,63,44
f759a9e7d.jpg,62,63,63,63
5f1bd2611.jpg,63,64,64,64
780fda558.jpg,63,64,64,64
784a84a04.jpg,63,64,64,64
c3471e804.jpg,63,64,64,64
c9ef4b837.jpg,63,64,64,64
f54061314.jpg,63,64,64,64
fbda7ab2c.jpg,63,64,64,64
ffd5790dc.jpg,63,64,64,64
019a00bfc.jpg,64,65,65,65
0f90a1040.jpg,64,65,65,65
1e3790ed8.jpg,64,65,65,65
3deffdd31.jpg,64,65,65,65
686324394.jpg,64,65,65,65
68a70edf0.jpg,64,65,65,65
6e0261c59.jpg,64,65,65,65
71b99993d.jpg,64,65,65,65
a81b5c9b4.jpg,64,65,65,65
bb555d8b7.jpg,64,65,65,65
c9cc28f1e.jpg,64,65,65,65
d46596739.jpg,64,65,65,65
d4989e75e.jpg,64,65,65,65
da1e78a0c.jpg,64,65,65,65
db2304922.jpg,64,65,65,65
f767a13e1.jpg,64,65,65,65
2d51778f5.jpg,65,66,66,66
30d8389dd.jpg,65,66,66,66
5c4d93480.jpg,65,66,66,66
69ca6a808.jpg,65,66,66,66
889f549c1.jpg,65,66,66,66
b0aa7d61c.jpg,65,66,66,66
b65c03808.jpg,65,66,66,66
bf377959d.jpg,65,66,66,66
e05793652.jpg,65,66,66,66
6f1fc5585.jpg,66,67,25,68
76c924ef5.jpg,66,67,67,67
9c48618ba.jpg,66,67,99,67
b3c3f55d3.jpg,66,67,71,67
c87593489.jpg,66,67,67,67
fd8b91828.jpg,66,67,5,68
0165bbcbf.jpg,67,68,68,68
020ec92b2.jpg,67,68,19,68
0254230aa.jpg,67,68,68,68
02561e57d.jpg,67,68,68,68
02dee83d5.jpg,67,68,68,68
0397377c1.jpg,67,68,68,68
03d9fa05b.jpg,67,68,68,68
045d796d0.jpg,67,68,68,68
053cf44f6.jpg,67,68,68,68
08cf83fc1.jpg,67,68,68,68
09fc9c4c5.jpg,67,68,68,68
0af5700ce.jpg,67,68,68,68
0e21e5c29.jpg,67,68,68,68
0f9edde00.jpg,67,68,68,68
1315ec32a.jpg,67,68,75,68
133cf6e42.jpg,67,68,68,68
13634f6ff.jpg,67,68,68,68
1388e56fb.jpg,67,68,68,68
1769b4175.jpg,67,68,68,68
17b8de27a.jpg,67,68,68,68
18a863cba.jpg,67,68,68,68
1b133a253.jpg,67,68,68,68
1c583aa76.jpg,67,68,68,68
1cb213802.jpg,67,68,68,68
1cb337f3f.jpg,67,68,68,68
1cdd0ff7a.jpg,67,68,68,68
1e3f963f6.jpg,67,68,68,68
1e4b1ad7f.jpg,67,68,68,68
1f9e6503c.jpg,67,68,68,68
20f6a560d.jpg,67,68,68,68
224d00f6d.jpg,67,68,68,68
243bfadd1.jpg,67,68,68,68
25d81c96c.jpg,67,68,68,68
26fec0824.jpg,67,68,68,68
28ec19ca0.jpg,67,68,68,68
299090330.jpg,67,68,68,68
29ab6d123.jpg,67,68,68,68
29c7e6f24.jpg,67,68,68,68
2d0808ea1.jpg,67,68,68,68
2d8762529.jpg,67,68,68,10
2dd7a2e99.jpg,67,68,68,68
3224bf276.jpg,67,68,68,68
326522e2d.jpg,67,68,68,68
327086741.jpg,67,68,68,68
33324e4cb.jpg,67,68,68,68
33e06c3e1.jpg,67,68,68,68
346774e6e.jpg,67,68,68,68
36d52fae4.jpg,67,68,68,68
372d72c26.jpg,67,68,68,68
37431618e.jpg,67,68,68,68
38939e74b.jpg,67,68,68,68
3a97ef3f5.jpg,67,68,68,68
3b5618dd9.jpg,67,68,68,68
3b9d0f27b.jpg,67,68,68,68
3bae5f733.jpg,67,68,68,68
3d227bc74.jpg,67,68,68,68
3d2b55356.jpg,67,68,68,68
3d52de36b.jpg,67,68,68,68
3dddc12fc.jpg,67,68,68,68
3ec9084f5.jpg,67,68,68,68
3f1d3e472.jpg,67,68,68,68
42363ea7e.jpg,67,68,68,68
43b1c859d.jpg,67,68,68,68
440ce2684.jpg,67,68,68,68
45ec5b2ee.jpg,67,68,68,68
465281dd1.jpg,67,68,68,68
468ad3762.jpg,67,68,68,68
4a006ce87.jpg,67,68,68,68
4a3ee7c20.jpg,67,68,68,56
4aaaa4f85.jpg,67,68,69,5
4ab301be5.jpg,67,68,68,75
4b09432e1.jpg,67,68,68,68
4de45d34f.jpg,67,68,68,68
4f861d777.jpg,67,68,68,68
4f9c2831d.jpg,67,68,68,68
507bca72c.jpg,67,68,68,68
5101b9066.jpg,67,68,68,68
5174a64a9.jpg,67,68,68,68
51dab5ea0.jpg,67,68,68,68
53c21481c.jpg,67,68,68,68
545a3edef.jpg,67,68,68,68
553dfc7c6.jpg,67,68,68,68
55ea489c0.jpg,67,68,68,68
565d780d7.jpg,67,68,68,68
591b400fb.jpg,67,68,68,68
5930324ca.jpg,67,68,68,68
59bb1f829.jpg,67,68,68,68
5b5fea92c.jpg,67,68,68,86
5bbcacea7.jpg,67,68,68,68
5cfaa7222.jpg,67,68,68,68
5defbcc63.jpg,67,68,21,68
5ec407859.jpg,67,68,68,68
5f961ae20.jpg,67,68,68,68
5fe8bde6d.jpg,67,68,68,68
609b47460.jpg,67,68,68,68
620bf0749.jpg,67,68,68,68
62bbd8d2c.jpg,67,68,68,85
62e2d8ffa.jpg,67,68,68,68
62ea91f6d.jpg,67,68,68,68
640176053.jpg,67,68,68,68
682154ee9.jpg,67,68,10,40
6a4c6a2a4.jpg,67,68,68,68
6bc6c2245.jpg,67,68,68,68
6daef86e1.jpg,67,68,68,68
6db5038c1.jpg,67,68,68,68
6e51d76fe.jpg,67,68,68,68
6eae2a363.jpg,67,68,68,68
6fd7475e8.jpg,67,68,68,68
6fecd03d7.jpg,67,68,68,68
70fc36297.jpg,67,68,68,68
725a36946.jpg,67,68,68,101
73165398c.jpg,67,68,68,68
750204896.jpg,67,68,68,68
776fd8c2b.jpg,67,68,68,68
7a3f8257e.jpg,67,68,68,68
7c1b0972e.jpg,67,68,68,68
7eac0b7e9.jpg,67,68,68,68
802ee0a61.jpg,67,68,68,68
81b845c6f.jpg,67,68,68,68
8213ca6f2.jpg,67,68,68,68
846b843e9.jpg,67,68,68,68
84ede8287.jpg,67,68,68,68
8854cda2f.jpg,67,68,68,68
897eb9205.jpg,67,68,68,68
8a520be79.jpg,67,68,68,68
8acd0ed75.jpg,67,68,68,68
8b1ace835.jpg,67,68,68,68
8d4901514.jpg,67,68,68,68
8ff17a0b0.jpg,67,68,68,68
910b72cc5.jpg,67,68,68,68
929d625f8.jpg,67,68,68,68
9304cd4b4.jpg,67,68,68,68
93b7a7c40.jpg,67,68,68,68
9641aba45.jpg,67,68,68,68
9652b4478.jpg,67,68,68,68
98848dfe1.jpg,67,68,68,68
9ac41eee7.jpg,67,68,68,82
9ae7c6111.jpg,67,68,68,68
9cd291d4f.jpg,67,68,68,68
9f0edac07.jpg,67,68,68,68
a0ad67bbb.jpg,67,68,68,68
a20d005ab.jpg,67,68,68,68
a279c628c.jpg,67,68,68,68
a319fca9c.jpg,67,68,68,68
a38df80b4.jpg,67,68,68,68
a483d5ca6.jpg,67,68,68,68
a5189a7f3.jpg,67,68,68,68
a54730320.jpg,67,68,68,68
a5be94ca8.jpg,67,68,68,68
a685760b9.jpg,67,68,68,68
a6e3de4a2.jpg,67,68,68,68
a82cd31ab.jpg,67,68,9,50
a8495a8f2.jpg,67,68,68,68
a91af57c1.jpg,67,68,68,68
aa5f8f964.jpg,67,68,68,101
ae0f8f791.jpg,67,68,68,68
af33fe4ed.jpg,67,68,68,68
af779d60e.jpg,67,68,68,68
af9b0959c.jpg,67,68,68,68
b02ce9630.jpg,67,68,68,68
b1ad9bf37.jpg,67,68,68,68
b3a470345.jpg,67,68,68,68
b62e26738.jpg,67,68,68,68
b84d95d11.jpg,67,68,68,68
b87116b6a.jpg,67,68,68,68
b8b56a12f.jpg,67,68,68,68
b8dcd106e.jpg,67,68,68,68
b937b9ba5.jpg,67,68,68,14
b9559dab5.jpg,67,68,68,38
b9a1ece79.jpg,67,68,68,68
bbdefbf2c.jpg,67,68,10,10
bc6f775d9.jpg,67,68,68,68
bc84a1d59.jpg,67,68,68,68
bd78b8026.jpg,67,68,68,68
bdd3237d4.jpg,67,68,68,68
bdf47a950.jpg,67,68,68,68
c0820a191.jpg,67,68,68,68
c1fcdd32b.jpg,67,68,68,68
c3aca943c.jpg,67,68,68,68
c3e6ad52e.jpg,67,68,68,68
c4fa43cb8.jpg,67,68,10,10
c7c4bb395.jpg,67,68,68,68
c7fddbfe6.jpg,67,68,68,68
c99b0e61b.jpg,67,68,82,48
ca55ef846.jpg,67,68,24,68
ca56eb653.jpg,67,68,68,68
cc122c90d.jpg,67,68,48,51
ccfc1ddb7.jpg,67,68,68,68
cda366c7e.jpg,67,68,68,68
ce1a24890.jpg,67,68,68,68
ce46cd18c.jpg,67,68,68,68
cfc8ec318.jpg,67,68,68,68
d3b88fddb.jpg,67,68,68,68
d58ab698f.jpg,67,68,68,68
d7e6cf2fa.jpg,67,68,68,68
d7f390151.jpg,67,68,68,68
d8e71b564.jpg,67,68,68,68
d9fa1590a.jpg,67,68,68,68
da780c169.jpg,67,68,68,68
db50eeb91.jpg,67,68,68,68
e0435b782.jpg,67,68,68,68
e0e117bba.jpg,67,68,68,68
e110a9de6.jpg,67,68,68,68
e13abce91.jpg,67,68,80,6
e38b0b014.jpg,67,68,68,68
e5348e4e3.jpg,67,68,68,68
e5912eed7.jpg,67,68,101,14
e6dfa606b.jpg,67,68,68,48
e76a78a85.jpg,67,68,68,96
e7c2a15cf.jpg,67,68,68,68
e8762da0f.jpg,67,68,68,68
e8fd4e525.jpg,67,68,68,68
ead00d272.jpg,67,68,68,68
ed5b7b4b1.jpg,67,68,68,68
edb80ad0c.jpg,67,68,38,68
edeac7d9a.jpg,67,68,68,68
ee99b6d79.jpg,67,68,68,68
ef04a3bc9.jpg,67,68,68,68
f4594ef4f.jpg,67,68,68,68
f49225175.jpg,67,68,68,68
f72f52b99.jpg,67,68,68,68
f99ce7195.jpg,67,68,68,68
f9e009c9e.jpg,67,68,68,68
fc4e1d741.jpg,67,68,68,68
fc971311e.jpg,67,68,68,68
fec55e1b9.jpg,67,68,68,68
ff8d412d6.jpg,67,68,68,68
ffd870a32.jpg,67,68,86,68
0612a2817.jpg,68,69,69,38
0a762e75a.jpg,68,69,69,69
0d29a2bd1.jpg,68,69,69,38
12886df94.jpg,68,69,69,48
15508507b.jpg,68,69,69,69
15e221eff.jpg,68,69,69,69
18b016edc.jpg,68,69,69,69
1a6175d90.jpg,68,69,69,69
274f5e34c.jpg,68,69,69,69
2bffb1e8a.jpg,68,69,38,69
2e7e6e441.jpg,68,69,76,69
2eea1b740.jpg,68,69,69,69
310901e90.jpg,68,69,69,69
318c985df.jpg,68,69,69,69
334468c1b.jpg,68,69,69,69
383ebb782.jpg,68,69,69,69
42957fb6d.jpg,68,69,69,69
4c142f3cc.jpg,68,69,69,69
4ef10867b.jpg,68,69,69,69
51ea6b7ee.jpg,68,69,69,38
538b39733.jpg,68,69,69,69
55a883e16.jpg,68,69,14,75
567081afc.jpg,68,69,69,69
58d2c36e2.jpg,68,69,69,69
5b47e6288.jpg,68,69,69,69
5e3dcfe60.jpg,68,69,69,69
6172cfc93.jpg,68,69,69,69
63877202c.jpg,68,69,69,69
65f2ccf6e.jpg,68,69,69,69
6780e6b4a.jpg,68,69,69,69
6d08d6968.jpg,68,69,48,69
738e96edc.jpg,68,69,69,69
7694c6ce4.jpg,68,69,69,69
79580d454.jpg,68,69,69,6
79e26f437.jpg,68,69,69,69
7d2273910.jpg,68,69,69,69
7f461fc14.jpg,68,69,69,69
834e12836.jpg,68,69,69,69
83661d9d5.jpg,68,69,69,69
8427dbfaf.jpg,68,69,76,69
87e71f351.jpg,68,69,69,69
8c7a5deb4.jpg,68,69,69,84
91a070217.jpg,68,69,69,69
98787d9b9.jpg,68,69,62,62
9dbf13100.jpg,68,69,69,69
9f3059b49.jpg,68,69,69,69
9fd198145.jpg,68,69,69,69
a02a974ce.jpg,68,69,69,69
a663cabf6.jpg,68,69,69,69
a76aedc3d.jpg,68,69,69,69
a7e5dcb1b.jpg,68,69,69,69
a83b587d9.jpg,68,69,0,0
a8d316380.jpg,68,69,69,69
a9840ac57.jpg,68,69,48,10
aa501f326.jpg,68,69,69,69
aebd8d589.jpg,68,69,69,69
b30c7ed89.jpg,68,69,70,69
b765df6cc.jpg,68,69,69,69
ba4160ef5.jpg,68,69,69,69
bac465fa9.jpg,68,69,69,69
be59b8231.jpg,68,69,69,69
c4d3ac070.jpg,68,69,62,62
c93ddb1d0.jpg,68,69,69,69
c95e335f2.jpg,68,69,69,38
cd861494a.jpg,68,69,69,69
d085e3455.jpg,68,69,69,69
d44c65587.jpg,68,69,69,69
d869b1b51.jpg,68,69,69,69
d9ee6a305.jpg,68,69,76,69
dc0ada11f.jpg,68,69,69,38
e114bf593.jpg,68,69,69,69
e5b7ec3af.jpg,68,69,69,38
eaeaa1f07.jpg,68,69,69,69
eb2b6a6e9.jpg,68,69,69,69
faf9589eb.jpg,68,69,69,69
fcce52294.jpg,68,69,48,6
01a613798.jpg,69,70,86,37
0eab391a2.jpg,69,70,70,70
29c2c84e0.jpg,69,70,70,70
2a937c1ad.jpg,69,70,70,70
2ede24317.jpg,69,70,70,70
37ef49803.jpg,69,70,70,70
3bb44cc4c.jpg,69,70,70,70
45b4e3a6d.jpg,69,70,70,70
4c0e4ff1e.jpg,69,70,70,70
4e9cddece.jpg,69,70,70,70
502e39f49.jpg,69,70,70,70
69da69178.jpg,69,70,70,70
7400b0f39.jpg,69,70,70,70
7765f7aee.jpg,69,70,70,70
797605e54.jpg,69,70,70,47
8e46f525e.jpg,69,70,70,70
98c93ab84.jpg,69,70,70,70
9a5ceaa1e.jpg,69,70,70,70
ae045dfd2.jpg,69,70,70,70
c55c98c3e.jpg,69,70,70,70
c9c65cb41.jpg,69,70,70,70
cee564665.jpg,69,70,70,70
ebc1df62d.jpg,69,70,70,70
f150920cb.jpg,69,70,70,70
fbc4537b7.jpg,69,70,70,70
fc8d71342.jpg,69,70,70,70
fdb02f4a8.jpg,69,70,70,70
040f7ddf9.jpg,7,71,71,71
0bc575cf2.jpg,7,71,71,71
0fb89bd83.jpg,7,71,71,71
13cf0976c.jpg,7,71,71,71
15c423a02.jpg,7,71,71,71
165b69201.jpg,7,71,71,71
16607c9b4.jpg,7,71,71,71
1abb5914b.jpg,7,71,71,71
2566645b2.jpg,7,71,71,71
2a4ec22f5.jpg,7,71,71,71
2be4e08c9.jpg,7,71,71,71
2e3e9b725.jpg,7,71,71,71
3056238b8.jpg,7,71,71,71
3229610eb.jpg,7,71,71,71
429b9e60c.jpg,7,71,22,49
4afe18784.jpg,7,71,71,71
57494cfc8.jpg,7,71,71,71
59c472dff.jpg,7,71,71,71
744c24f8b.jpg,7,71,71,48
82e49c1eb.jpg,7,71,71,71
8d501028c.jpg,7,71,71,71
8d5ec141f.jpg,7,71,71,71
99018afd5.jpg,7,71,71,71
c31996594.jpg,7,71,71,71
ce8cab062.jpg,7,71,71,71
d6d9759f9.jpg,7,71,71,71
e711445c2.jpg,7,71,71,71
e754cb81a.jpg,7,71,71,71
f06cee279.jpg,7,71,71,71
f74e6569c.jpg,7,71,71,71
ff5322385.jpg,7,71,71,71
001a80868.jpg,70,72,72,72
041ee3ee5.jpg,70,72,72,47
0a1a215c1.jpg,70,72,72,72
0d5aa26a8.jpg,70,72,72,63
1648ba581.jpg,70,72,72,72
2281bc146.jpg,70,72,72,72
29013cf75.jpg,70,72,72,72
4d8f00f15.jpg,70,72,72,72
6566a4c1b.jpg,70,72,72,72
68bbfe8b0.jpg,70,72,45,48
73f103895.jpg,70,72,72,72
7c621f9cb.jpg,70,72,72,72
7e3b6fc4e.jpg,70,72,72,103
8068cf4c7.jpg,70,72,72,72
8097dc857.jpg,70,72,103,53
82cd82c5c.jpg,70,72,72,72
835153994.jpg,70,72,39,39
83a80db99.jpg,70,72,35,75
84dcce913.jpg,70,72,72,72
861282b96.jpg,70,72,83,79
887f5b983.jpg,70,72,47,47
92af0c034.jpg,70,72,72,72
93f4bf6f8.jpg,70,72,63,63
97e3aed0b.jpg,70,72,72,44
9842965c7.jpg,70,72,72,72
99c88c5ee.jpg,70,72,72,72
9cdc0b610.jpg,70,72,72,72
a2708eb9d.jpg,70,72,72,72
ed1e33676.jpg,70,72,72,72
fba1d7031.jpg,70,72,72,72
0062435d0.jpg,71,73,73,73
05cc3f7ef.jpg,71,73,73,73
0ef8ecc6c.jpg,71,73,73,73
120d9fc4d.jpg,71,73,73,73
18add25bf.jpg,71,73,73,73
1af4113ea.jpg,71,73,73,73
1ce42c666.jpg,71,73,73,73
22de1c0b6.jpg,71,73,73,73
25fede856.jpg,71,73,73,73
2ed49875f.jpg,71,73,73,73
375a5b290.jpg,71,73,73,73
3b0581ca1.jpg,71,73,73,73
3b40dbae6.jpg,71,73,73,73
4633630fc.jpg,71,73,73,73
4e0727e74.jpg,71,73,73,73
4e3a7db57.jpg,71,73,73,73
568973528.jpg,71,73,73,73
672c3c7a1.jpg,71,73,73,73
8510d8033.jpg,71,73,73,73
8b302d478.jpg,71,73,28,73
8cad63f11.jpg,71,73,73,73
9a4bacfa5.jpg,71,73,42,42
a1b6a2ca1.jpg,71,73,75,42
a1bb92f46.jpg,71,73,28,73
a1ce8eefc.jpg,71,73,73,73
a4ec93a7e.jpg,71,73,73,73
a54e54634.jpg,71,73,73,99
a5df6caf2.jpg,71,73,73,73
a683bea9e.jpg,71,73,73,73
aeace96b8.jpg,71,73,73,73
b0ee412b4.jpg,71,73,73,99
b689d6bd5.jpg,71,73,73,73
b91cc0274.jpg,71,73,73,73
c0788f342.jpg,71,73,73,73
c97a39421.jpg,71,73,21,84
d92f512ea.jpg,71,73,73,73
dcd37a084.jpg,71,73,73,73
ddf94dd52.jpg,71,73,73,73
f3e801acc.jpg,71,73,73,73
f604e9218.jpg,71,73,73,73
0282d19b3.jpg,72,74,74,74
0b6b93be1.jpg,72,74,74,74
0f08244d4.jpg,72,74,74,74
113c16bc6.jpg,72,74,74,74
1c435159e.jpg,72,74,74,74
1cdf17ce8.jpg,72,74,74,74
208483430.jpg,72,74,74,74
24768d02c.jpg,72,74,74,74
2606ed739.jpg,72,74,74,74
2abf4e4db.jpg,72,74,74,74
2ac04ccab.jpg,72,74,74,47
2b639aea3.jpg,72,74,74,74
2eaf07e30.jpg,72,74,74,74
3081011f0.jpg,72,74,74,74
3587c3276.jpg,72,74,74,74
363b3c615.jpg,72,74,74,74
3779414b0.jpg,72,74,74,74
3a470c8ef.jpg,72,74,74,74
3ac9ec45d.jpg,72,74,74,74
3bd715241.jpg,72,74,74,89
3caf9230c.jpg,72,74,74,74
425ea06ac.jpg,72,74,74,74
48d537254.jpg,72,74,47,74
65b6e4411.jpg,72,74,74,74
706a46ea4.jpg,72,74,74,74
71ddfc7fa.jpg,72,74,74,74
7319b66f0.jpg,72,74,74,74
777d96129.jpg,72,74,74,74
7a571f0c6.jpg,72,74,74,74
7cc56d055.jpg,72,74,74,74
7f2fbd80f.jpg,72,74,74,74
80f42eb2a.jpg,72,74,74,74
81190c6e8.jpg,72,74,74,74
8f12d52ce.jpg,72,74,74,74
904ad59d9.jpg,72,74,74,74
98ec8c4dd.jpg,72,74,74,74
9e859a75b.jpg,72,74,74,74
a6f60c1c7.jpg,72,74,74,74
a8d75dabd.jpg,72,74,74,74
b6542f584.jpg,72,74,74,74
ceb6795ab.jpg,72,74,74,74
d15cacf0b.jpg,72,74,74,74
d49270d93.jpg,72,74,74,74
dd8988b2e.jpg,72,74,74,74
e33853a2a.jpg,72,74,74,74
e44face7c.jpg,72,74,74,74
e6ca312fb.jpg,72,74,74,74
e7fb08c99.jpg,72,74,74,74
ee85e2f99.jpg,72,74,74,74
004919606.jpg,73,75,75,75
00a6b2ed9.jpg,73,75,75,75
04cb9ec70.jpg,73,75,75,75
06d3be7b7.jpg,73,75,75,75
077803f97.jpg,73,75,6,53
07c36e08a.jpg,73,75,75,75
08b379634.jpg,73,75,75,9
08bf976d9.jpg,73,75,75,75
0c8140703.jpg,73,75,75,75
115231e08.jpg,73,75,75,75
191ee6a87.jpg,73,75,5,5
1a263a762.jpg,73,75,75,75
1a5050e8a.jpg,73,75,75,75
1da1c3bff.jpg,73,75,75,75
1e48adb44.jpg,73,75,75,75
20516989d.jpg,73,75,6,99
20522d338.jpg,73,75,75,75
215fe49d7.jpg,73,75,18,75
24848148c.jpg,73,75,75,75
27fd525e0.jpg,73,75,75,75
29528d7ea.jpg,73,75,75,75
29cc8ca47.jpg,73,75,75,75
29f2c3ae1.jpg,73,75,75,75
2cb6a9c63.jpg,73,75,75,75
2cf1a03a3.jpg,73,75,25,75
2db317cd6.jpg,73,75,75,75
2f6ed2a30.jpg,73,75,75,75
33b4a7727.jpg,73,75,75,75
3bcbb0025.jpg,73,75,75,75
3d2a52909.jpg,73,75,75,75
3da6d5d40.jpg,73,75,75,75
3e5ee4908.jpg,73,75,75,75
3f4b749a4.jpg,73,75,75,75
43efe7dfb.jpg,73,75,75,75
452b3efc2.jpg,73,75,75,28
47dcd67a1.jpg,73,75,75,75
4ca2bf964.jpg,73,75,75,75
4dfbc6695.jpg,73,75,75,75
56fcfc13e.jpg,73,75,75,75
58689e341.jpg,73,75,75,75
588c30294.jpg,73,75,75,5
58f7b8ad1.jpg,73,75,75,75
61f533109.jpg,73,75,75,75
627296d6a.jpg,73,75,75,75
627e593ca.jpg,73,75,75,28
641599409.jpg,73,75,75,75
67745ddc5.jpg,73,75,75,75
6a3a28a06.jpg,73,75,5,6
6ace393b0.jpg,73,75,75,75
6c9e6b286.jpg,73,75,75,75
6e70f2e35.jpg,73,75,75,75
70918212d.jpg,73,75,28,75
713e4e89d.jpg,73,75,75,75
741999f79.jpg,73,75,47,75
74a4cc026.jpg,73,75,75,75
75328fa9d.jpg,73,75,75,75
77e37556f.jpg,73,75,75,75
786879c7e.jpg,73,75,75,75
7eea7e3aa.jpg,73,75,75,75
8096fd731.jpg,73,75,75,75
884605366.jpg,73,75,75,75
88e8e8221.jpg,73,75,75,75
89281d64b.jpg,73,75,75,75
8b192dce2.jpg,73,75,75,75
8c9f3996c.jpg,73,75,75,75
8ea13ca5e.jpg,73,75,75,75
8f2d1c13a.jpg,73,75,75,75
93dbe1ad8.jpg,73,75,75,99
940309bbf.jpg,73,75,75,75
97defe2f6.jpg,73,75,75,81
994a185b3.jpg,73,75,75,75
9b8f2f5bd.jpg,73,75,39,53
9daa9206e.jpg,73,75,75,75
9ee42218f.jpg,73,75,28,28
a154688ba.jpg,73,75,75,75
a1ce91752.jpg,73,75,75,75
a451d3e00.jpg,73,75,75,75
a65239dfe.jpg,73,75,75,75
a7c21a679.jpg,73,75,5,5
a9408f0ac.jpg,73,75,75,22
aea7ac6ca.jpg,73,75,75,75
b402b6acd.jpg,73,75,73,42
b43ea633c.jpg,73,75,75,10
b565c257f.jpg,73,75,75,75
b657cec53.jpg,73,75,75,75
b7ebc39f2.jpg,73,75,75,5
b8426f73a.jpg,73,75,75,75
b8d69b3e7.jpg,73,75,75,75
bab3ef1f5.jpg,73,75,75,75
bad632e8e.jpg,73,75,75,75
bc0719e05.jpg,73,75,75,75
bc7a1dc9f.jpg,73,75,75,75
bd6476b24.jpg,73,75,5,6
be8904564.jpg,73,75,75,75
beefda0c5.jpg,73,75,75,75
c169aa2e1.jpg,73,75,6,98
c1fa84c4a.jpg,73,75,2,75
c27e74c07.jpg,73,75,5,75
c4331aa24.jpg,73,75,75,75
c44e07477.jpg,73,75,75,75
c86fa7d51.jpg,73,75,75,75
ccc77eeb6.jpg,73,75,18,48
cd29f4cfc.jpg,73,75,75,75
ce51fc130.jpg,73,75,75,75
cf383ac16.jpg,73,75,75,75
d3ab6f0cc.jpg,73,75,75,75
d3b4c81cf.jpg,73,75,75,75
d3e7d8a33.jpg,73,75,75,75
d624749db.jpg,73,75,75,75
d7b7ee878.jpg,73,75,75,75
da13c6318.jpg,73,75,75,75
daba8e5d3.jpg,73,75,75,75
daf538aa4.jpg,73,75,75,75
ddbd69927.jpg,73,75,75,75
e02f88b0a.jpg,73,75,75,75
e0f990f5e.jpg,73,75,75,75
e1620c8a9.jpg,73,75,75,75
e83da01e5.jpg,73,75,75,75
e9055376f.jpg,73,75,75,75
ec2607f8f.jpg,73,75,75,6
ee04a414a.jpg,73,75,75,28
f293b1cbc.jpg,73,75,75,75
f302a30e4.jpg,73,75,75,75
f37f81a60.jpg,73,75,75,75
f43618a35.jpg,73,75,75,75
f64f2bee7.jpg,73,75,75,75
f691e87f3.jpg,73,75,75,75
f85a938c1.jpg,73,75,75,75
f8bc98ea6.jpg,73,75,75,75
f8da3867d.jpg,73,75,6,48
fd67bcf3c.jpg,73,75,75,75
fd976a75c.jpg,73,75,75,75
feff97e19.jpg,73,75,75,48
ffd97b0b0.jpg,73,75,75,75
1100a8723.jpg,74,76,76,76
1809fa49d.jpg,74,76,76,76
18e01d4ec.jpg,74,76,76,75
1ef97456d.jpg,74,76,76,76
2ca7ec9f4.jpg,74,76,76,76
3193bdd69.jpg,74,76,76,76
3c8849ade.jpg,74,76,89,75
3cadbb772.jpg,74,76,76,76
3ce064bb4.jpg,74,76,76,76
439a1da29.jpg,74,76,76,76
5182dd08e.jpg,74,76,76,76
545ae9406.jpg,74,76,76,76
5589bb7ed.jpg,74,76,76,76
588ccb8c7.jpg,74,76,77,79
5fd1dc9f6.jpg,74,76,76,76
74d773150.jpg,74,76,76,76
809c3ee95.jpg,74,76,76,76
81dd5e512.jpg,74,76,76,76
82e9f368a.jpg,74,76,76,76
832b10269.jpg,74,76,68,48
894e2b361.jpg,74,76,76,14
939b62642.jpg,74,76,77,77
a8239daad.jpg,74,76,76,76
a938f9a04.jpg,74,76,76,76
aff43ce4e.jpg,74,76,76,76
b32987138.jpg,74,76,76,76
b50978cd8.jpg,74,76,76,76
b7c162f04.jpg,74,76,76,76
ba75c9e86.jpg,74,76,76,77
bc60e04db.jpg,74,76,76,76
bdd8f4573.jpg,74,76,76,76
e41d132bf.jpg,74,76,69,6
eec60ed97.jpg,74,76,76,76
eee6e22a2.jpg,74,76,41,48
f5bf500bb.jpg,74,76,76,76
fdec57d9a.jpg,74,76,25,44
001f47f34.jpg,75,77,77,77
01f90d23a.jpg,75,77,77,5
02fb45629.jpg,75,77,77,77
0676ef538.jpg,75,77,77,77
07c87536c.jpg,75,77,77,77
07e428d33.jpg,75,77,77,77
0d3a4a33f.jpg,75,77,77,77
0f77800fb.jpg,75,77,77,77
12fcadd78.jpg,75,77,77,77
149ba3b02.jpg,75,77,77,77
17965996f.jpg,75,77,77,77
19b4e8d95.jpg,75,77,77,77
1d1250e72.jpg,75,77,77,77
23276c64c.jpg,75,77,77,77
28a504d3f.jpg,75,77,77,6
28e22c29a.jpg,75,77,77,77
2b41f5a42.jpg,75,77,77,77
2e528d070.jpg,75,77,77,77
2f043e357.jpg,75,77,77,77
2fe7d1faf.jpg,75,77,77,77
314cdea6c.jpg,75,77,77,77
3424a4183.jpg,75,77,77,77
352c43161.jpg,75,77,77,77
37d5fb056.jpg,75,77,77,77
3d8321148.jpg,75,77,77,77
429b9393e.jpg,75,77,77,77
439978e3e.jpg,75,77,77,77
454c04d2d.jpg,75,77,77,77
4cb14997c.jpg,75,77,77,77
4db894fe5.jpg,75,77,77,77
4fd0ecb6f.jpg,75,77,77,77
5253af526.jpg,75,77,6,51
5b07b49de.jpg,75,77,77,77
63b510066.jpg,75,77,77,77
6dfa57014.jpg,75,77,77,77
6e183249e.jpg,75,77,77,77
6e29abfaa.jpg,75,77,77,77
70c000911.jpg,75,77,77,77
723dd716d.jpg,75,77,77,77
7779978f9.jpg,75,77,77,68
77b6c3aaa.jpg,75,77,77,77
7b2ed8333.jpg,75,77,77,77
7bd15ea0e.jpg,75,77,77,77
7d1eb5211.jpg,75,77,77,98
80836b39f.jpg,75,77,76,76
83c7db008.jpg,75,77,77,77
8587a778e.jpg,75,77,81,81
86c46063e.jpg,75,77,77,77
899c84762.jpg,75,77,77,77
89fcede78.jpg,75,77,77,77
8be326f1e.jpg,75,77,77,77
9225b54f2.jpg,75,77,77,9
93dbc2360.jpg,75,77,77,77
971b71ad8.jpg,75,77,77,77
a0909171b.jpg,75,77,77,77
a3292076a.jpg,75,77,77,77
a4d08626d.jpg,75,77,77,48
a5bec7b79.jpg,75,77,77,77
a5cd04de3.jpg,75,77,77,77
a7d12e112.jpg,75,77,6,77
a90826816.jpg,75,77,77,77
aaf19c8d0.jpg,75,77,77,46
b44120baa.jpg,75,77,77,77
bdb3b0b3e.jpg,75,77,77,77
c0fc92076.jpg,75,77,77,77
c498d0181.jpg,75,77,77,77
c89e24e8e.jpg,75,77,77,77
cade429f8.jpg,75,77,77,77
d56e4be97.jpg,75,77,77,77
d5feb1e64.jpg,75,77,77,6
d79318ecc.jpg,75,77,77,77
da6b99a1b.jpg,75,77,77,77
db61bcae9.jpg,75,77,77,77
db75490ba.jpg,75,77,6,6
dbe9f8612.jpg,75,77,77,77
e6ff3f9a3.jpg,75,77,77,77
e77978b1d.jpg,75,77,77,77
edcf9cbce.jpg,75,77,77,77
f14a840c7.jpg,75,77,77,77
f43e89ed5.jpg,75,77,77,77
f4bbba44d.jpg,75,77,77,48
f81ff183b.jpg,75,77,77,77
f95b49129.jpg,75,77,77,77
f9eaaafaa.jpg,75,77,77,77
fb29d32cf.jpg,75,77,77,90
fc83379ec.jpg,75,77,77,26
fd18932a8.jpg,75,77,77,77
ff26ce466.jpg,75,77,77,77
ff98ac2fd.jpg,75,77,77,77
005a4ca8d.jpg,76,78,78,78
0194035a5.jpg,76,78,78,78
08d3c3253.jpg,76,78,78,78
178fedf18.jpg,76,78,8,78
239b4a87a.jpg,76,78,78,78
28544a7f0.jpg,76,78,78,78
2b01b25cb.jpg,76,78,78,78
2f0fd1633.jpg,76,78,78,78
3ec6dbd8a.jpg,76,78,78,78
42753feee.jpg,76,78,78,78
48b2a91f3.jpg,76,78,78,78
4b1737a0b.jpg,76,78,78,78
4baa736b5.jpg,76,78,78,78
51e7152eb.jpg,76,78,78,78
521354403.jpg,76,78,78,78
5c5b6b50b.jpg,76,78,78,78
64e22efc7.jpg,76,78,78,78
74cea173a.jpg,76,78,78,78
7cacf53a9.jpg,76,78,78,78
7fa73e567.jpg,76,78,78,78
92ff550bd.jpg,76,78,78,78
94ab5cd4f.jpg,76,78,78,78
952abbe43.jpg,76,78,78,78
a06fca241.jpg,76,78,78,78
a13b6a135.jpg,76,78,78,78
b627c30d3.jpg,76,78,78,78
bc041cfd5.jpg,76,78,78,78
bd28bb986.jpg,76,78,78,78
c870de7dd.jpg,76,78,78,78
cdd881333.jpg,76,78,78,78
ce7404a0b.jpg,76,78,78,78
d92776435.jpg,76,78,78,78
dd5c075a1.jpg,76,78,78,78
e00af923f.jpg,76,78,78,78
e757f0611.jpg,76,78,78,78
00f57d618.jpg,77,79,79,79
051142061.jpg,77,79,79,79
0c29ea0fe.jpg,77,79,74,74
0e22c68bb.jpg,77,79,79,79
0fda79e09.jpg,77,79,79,79
12b88adb5.jpg,77,79,79,79
12fab585d.jpg,77,79,79,79
1c70c6160.jpg,77,79,79,79
1ef6e8cc7.jpg,77,79,79,79
2bddb985f.jpg,77,79,79,98
2ed4fd55a.jpg,77,79,79,79
3c9cae1fb.jpg,77,79,79,79
4a1bf90c1.jpg,77,79,79,79
6136fd9d8.jpg,77,79,79,79
67a707145.jpg,77,79,79,79
6db0bc7e5.jpg,77,79,79,79
71715e33a.jpg,77,79,79,79
73e96aca0.jpg,77,79,79,79
74902b95c.jpg,77,79,79,79
7b4026609.jpg,77,79,79,79
863a0b576.jpg,77,79,79,79
a1e6b8ee5.jpg,77,79,79,79
ad5c69187.jpg,77,79,79,79
aeea3ba14.jpg,77,79,79,79
aefbd47da.jpg,77,79,79,79
b0c9b24e5.jpg,77,79,79,79
b40418aac.jpg,77,79,79,79
b93670b78.jpg,77,79,74,74
c133529c4.jpg,77,79,79,79
c34a51303.jpg,77,79,79,79
c64a8b503.jpg,77,79,79,79
cca7c0cec.jpg,77,79,79,79
d16b3d2e2.jpg,77,79,50,6
da97549d4.jpg,77,79,79,79
dd32b0ab1.jpg,77,79,79,79
e85b2a73d.jpg,77,79,79,46
e9790681a.jpg,77,79,74,74
ec1759a78.jpg,77,79,79,87
ec95505de.jpg,77,79,79,79
ed3a59a35.jpg,77,79,11,25
f008e0e55.jpg,77,79,79,79
1571b3bf7.jpg,78,80,80,80
282529285.jpg,78,80,80,80
3449efd8d.jpg,78,80,92,3
43f9e4fda.jpg,78,80,80,80
4aa03648e.jpg,78,80,80,80
59b18e984.jpg,78,80,80,80
644cc7b55.jpg,78,80,80,80
65f176b11.jpg,78,80,100,34
7535d753c.jpg,78,80,80,80
81a756706.jpg,78,80,80,83
8b51e5592.jpg,78,80,80,80
9797c6ffa.jpg,78,80,80,80
981d5a024.jpg,78,80,80,80
9a920980a.jpg,78,80,80,80
9b1a0a2f1.jpg,78,80,94,35
9cfdb5013.jpg,78,80,80,80
9f282ae88.jpg,78,80,80,80
a06a69a51.jpg,78,80,80,80
bb107b407.jpg,78,80,80,80
c5e02155d.jpg,78,80,80,80
d3a6f073c.jpg,78,80,80,80
dd9ca3c16.jpg,78,80,80,80
dea2b5fbd.jpg,78,80,80,80
eaa5a884e.jpg,78,80,80,56
f090cad92.jpg,78,80,80,80
00c6e7718.jpg,79,81,15,15
05ef561b6.jpg,79,81,81,81
101d35455.jpg,79,81,81,81
158e80f56.jpg,79,81,81,81
1b65c4996.jpg,79,81,90,90
1d0c35fb3.jpg,79,81,81,81
20855c0f0.jpg,79,81,85,81
2a0792c1d.jpg,79,81,81,81
338a91143.jpg,79,81,81,81
4184e38bb.jpg,79,81,81,81
41a4aa19b.jpg,79,81,81,81
54b1b8958.jpg,79,81,81,81
5a188113d.jpg,79,81,81,81
5b25a947a.jpg,79,81,81,81
697d45bd4.jpg,79,81,81,81
6b45202bc.jpg,79,81,81,81
6d6a83227.jpg,79,81,81,81
6e92dff61.jpg,79,81,81,81
7b9a50b3f.jpg,79,81,5,90
7c5943d6e.jpg,79,81,81,81
99fdedfd8.jpg,79,81,81,81
9b40858e5.jpg,79,81,81,81
9c5f9268f.jpg,79,81,81,81
a00be666c.jpg,79,81,81,81
ab4eb6b23.jpg,79,81,81,81
ac7625d4d.jpg,79,81,81,81
b17a64891.jpg,79,81,81,81
bf64cb037.jpg,79,81,81,81
cd478a0b7.jpg,79,81,81,81
cf3d50964.jpg,79,81,81,81
d1e5ec103.jpg,79,81,81,81
d377d6648.jpg,79,81,81,81
d43181b4a.jpg,79,81,81,81
fd63304ab.jpg,79,81,81,81
005fd307a.jpg,8,82,82,82
05de2e86f.jpg,8,82,86,14
08633caac.jpg,8,82,82,82
0d2a6930e.jpg,8,82,82,82
123f36f4b.jpg,8,82,82,82
2c8bc86c6.jpg,8,82,82,82
375fa6453.jpg,8,82,82,82
3e963857a.jpg,8,82,82,82
5d5127a2a.jpg,8,82,82,82
742795d23.jpg,8,82,82,21
753f5d50c.jpg,8,82,21,21
7691e745f.jpg,8,82,82,82
8c70a4d6d.jpg,8,82,82,82
8f2cf66a3.jpg,8,82,82,82
9f80fc787.jpg,8,82,82,82
a4a8e73c0.jpg,8,82,82,82
b4acce21b.jpg,8,82,82,82
bff12759f.jpg,8,82,82,82
c38d58112.jpg,8,82,82,82
cd18a2419.jpg,8,82,82,68
cdeec0ea8.jpg,8,82,82,82
d011f85a1.jpg,8,82,82,82
e071b0d3c.jpg,8,82,82,82
edb6f87a4.jpg,8,82,82,82
fce191abb.jpg,8,82,82,82
010c6537c.jpg,80,83,83,83
0585d8cb5.jpg,80,83,83,83
05ffdb61a.jpg,80,83,83,83
09f83172e.jpg,80,83,83,83
0aa44ec00.jpg,80,83,83,83
140fed0ff.jpg,80,83,83,83
1b5f7da25.jpg,80,83,83,83
222824aa2.jpg,80,83,83,83
233627577.jpg,80,83,83,83
23c5a7bd3.jpg,80,83,83,83
2cfa2cac3.jpg,80,83,83,76
305ffad6e.jpg,80,83,83,83
48ac0df98.jpg,80,83,83,83
55c6bce73.jpg,80,83,83,83
5754ca1be.jpg,80,83,83,83
5ba5ecd69.jpg,80,83,83,83
60b696ed7.jpg,80,83,83,83
6451bc9eb.jpg,80,83,83,83
6576714a9.jpg,80,83,83,83
74583d079.jpg,80,83,83,83
7c10823aa.jpg,80,83,83,83
81bdc8889.jpg,80,83,83,83
8900a9bc4.jpg,80,83,6,69
9c89cf68b.jpg,80,83,52,52
a28ded55c.jpg,80,83,83,83
a3a441b13.jpg,80,83,83,83
a4cd947ab.jpg,80,83,83,83
a8a21404c.jpg,80,83,83,87
aded84903.jpg,80,83,83,83
b20cfa2a3.jpg,80,83,83,83
b56131f30.jpg,80,83,83,83
c1800145a.jpg,80,83,83,83
c25a296da.jpg,80,83,83,83
c3f19fdbc.jpg,80,83,83,83
c407d9b19.jpg,80,83,83,83
c96b17a8b.jpg,80,83,83,83
cbdc0506d.jpg,80,83,83,83
ce18f6de8.jpg,80,83,83,83
d6693459c.jpg,80,83,83,83
d99c997fb.jpg,80,83,83,83
dd710cb93.jpg,80,83,83,83
e193355f3.jpg,80,83,83,83
ec03db19e.jpg,80,83,83,83
eddc0b710.jpg,80,83,83,83
f4c4e99aa.jpg,80,83,83,83
00fbe8d1f.jpg,81,84,84,84
04fac6180.jpg,81,84,84,13
17aad852a.jpg,81,84,74,69
21812037a.jpg,81,84,92,86
2238948e7.jpg,81,84,75,75
2527018e3.jpg,81,84,84,84
3558306fb.jpg,81,84,84,84
35ee93ca5.jpg,81,84,91,94
38b99c7cc.jpg,81,84,84,84
3d474d538.jpg,81,84,84,84
4d4e058f9.jpg,81,84,86,86
52573f4dd.jpg,81,84,84,84
6d05c7bb9.jpg,81,84,84,84
6eb563632.jpg,81,84,48,48
74d071dd8.jpg,81,84,6,26
81373f080.jpg,81,84,84,84
94ac482fd.jpg,81,84,84,84
94dea6d0e.jpg,81,84,84,84
a0ca90a1d.jpg,81,84,84,84
a18b50373.jpg,81,84,84,84
a47c15eab.jpg,81,84,84,84
a5dba9b98.jpg,81,84,84,84
b1414feee.jpg,81,84,37,14
b973bac52.jpg,81,84,84,84
c7222f449.jpg,81,84,69,6
d1088f915.jpg,81,84,84,69
daeff911a.jpg,81,84,84,84
edc5ec537.jpg,81,84,84,84
f7105898a.jpg,81,84,84,27
073c50ab2.jpg,82,85,100,85
1089bd92a.jpg,82,85,85,85
14b8f993e.jpg,82,85,85,85
15f55aac1.jpg,82,85,85,85
1609996c2.jpg,82,85,85,85
225817ba0.jpg,82,85,85,85
25172f250.jpg,82,85,85,85
2612c4faf.jpg,82,85,85,50
2b03c7792.jpg,82,85,50,100
2e90bca67.jpg,82,85,85,85
3b029554f.jpg,82,85,75,28
4305c1d25.jpg,82,85,85,85
464adaf86.jpg,82,85,50,50
50a2834a3.jpg,82,85,85,85
69754a769.jpg,82,85,85,85
6c27db713.jpg,82,85,85,85
6de7e6632.jpg,82,85,85,85
86145afa0.jpg,82,85,85,85
88aad6e2f.jpg,82,85,85,85
917e3f65a.jpg,82,85,85,85
a2bc39239.jpg,82,85,85,85
a47e9083a.jpg,82,85,85,85
a5044029e.jpg,82,85,85,85
a8be34e7c.jpg,82,85,85,85
a990ea012.jpg,82,85,85,85
b477386df.jpg,82,85,85,85
bd0f4a98b.jpg,82,85,85,85
bfb58ac0a.jpg,82,85,85,85
c8de0ce01.jpg,82,85,85,85
c93a673d5.jpg,82,85,85,85
c9914c1a0.jpg,82,85,28,90
ce49f3d2b.jpg,82,85,85,85
cee2fecd4.jpg,82,85,85,85
d1f2daff8.jpg,82,85,85,85
db8a88da9.jpg,82,85,85,85
eb837b90d.jpg,82,85,85,85
ec3a41832.jpg,82,85,100,50
f4db24478.jpg,82,85,85,85
fbb97c59b.jpg,82,85,85,85
00d1436bf.jpg,83,86,86,86
013d0d9aa.jpg,83,86,86,86
03733f6d2.jpg,83,86,86,86
0928727ed.jpg,83,86,86,86
0fa2af25d.jpg,83,86,86,86
10848f051.jpg,83,86,86,86
2b1432b0f.jpg,83,86,86,86
30c87d771.jpg,83,86,86,75
31c8c6460.jpg,83,86,86,86
42503c628.jpg,83,86,86,86
4d6ef8970.jpg,83,86,86,95
5203d2748.jpg,83,86,86,86
75169bb3a.jpg,83,86,86,86
77dc80755.jpg,83,86,21,21
8ccf3fc02.jpg,83,86,86,86
98405c5f0.jpg,83,86,68,68
9ecadf027.jpg,83,86,86,86
a38d9eecc.jpg,83,86,86,86
a419263a8.jpg,83,86,86,86
a9f2125e0.jpg,83,86,86,24
ae55bc802.jpg,83,86,102,75
af0398a6a.jpg,83,86,40,46
b51feba29.jpg,83,86,86,86
baaa01894.jpg,83,86,86,69
be1fc704f.jpg,83,86,86,86
cab83da42.jpg,83,86,86,86
d9e8e8882.jpg,83,86,86,86
e2e579c73.jpg,83,86,86,97
e61004f51.jpg,83,86,86,86
e88dc738f.jpg,83,86,86,34
f755bba96.jpg,83,86,86,86
f94cffd96.jpg,83,86,86,86
fd61400c5.jpg,83,86,86,24
2faddb458.jpg,84,87,87,87
4f743183c.jpg,84,87,85,83
5dce62802.jpg,84,87,87,87
68c05ea15.jpg,84,87,87,87
6dea5dbe0.jpg,84,87,87,87
708068803.jpg,84,87,87,87
84f3b947e.jpg,84,87,87,87
efb4f6180.jpg,84,87,87,87
fc654d45b.jpg,84,87,87,87
020082dc2.jpg,85,88,88,88
25e424559.jpg,85,88,88,88
2f42d6763.jpg,85,88,88,88
37adb1f40.jpg,85,88,88,88
3817f8216.jpg,85,88,88,88
7f3c2ff27.jpg,85,88,88,88
8dd00e863.jpg,85,88,88,88
a25f140e8.jpg,85,88,88,88
eb64265d2.jpg,85,88,88,88
068d3a517.jpg,86,89,89,89
1fe8363aa.jpg,86,89,89,89
286606a45.jpg,86,89,89,89
2c3651a7e.jpg,86,89,89,89
2c7530838.jpg,86,89,89,89
2e805d641.jpg,86,89,89,89
403771f1a.jpg,86,89,79,75
42443a758.jpg,86,89,89,89
48f967b55.jpg,86,89,89,89
4a10279a2.jpg,86,89,89,89
4ebcde7c4.jpg,86,89,89,89
5b5695894.jpg,86,89,89,89
5fd305f12.jpg,86,89,89,89
7e5d5fe13.jpg,86,89,89,89
83239a67a.jpg,86,89,89,90
86b48953a.jpg,86,89,89,89
8aa143560.jpg,86,89,6,89
8b82b209d.jpg,86,89,89,89
9950a83bb.jpg,86,89,6,89
a59ca2e27.jpg,86,89,89,89
aac1c4691.jpg,86,89,79,89
b05806246.jpg,86,89,89,89
b237a47fb.jpg,86,89,89,89
b252eb140.jpg,86,89,6,89
b405dfd65.jpg,86,89,89,89
b6169a467.jpg,86,89,89,89
c217605f1.jpg,86,89,89,89
c5071725f.jpg,86,89,89,89
d4095af74.jpg,86,89,69,69
dba98d60f.jpg,86,89,79,75
e8cd25436.jpg,86,89,89,89
f34fc02eb.jpg,86,89,89,89
f5940c137.jpg,86,89,69,69
f6b8bae54.jpg,86,89,89,89
fb5464cd5.jpg,86,89,89,89
00a9481e1.jpg,87,90,90,90
08dc58941.jpg,87,90,90,90
0942768b3.jpg,87,90,5,90
1ba8ff829.jpg,87,90,90,90
201d7402a.jpg,87,90,90,90
20b351514.jpg,87,90,90,90
23d7cf266.jpg,87,90,90,90
2460d1fa2.jpg,87,90,90,90
2e7235c61.jpg,87,90,90,90
3145a53d8.jpg,87,90,5,5
34c8d3a14.jpg,87,90,90,5
36c2e51b6.jpg,87,90,90,90
3bfebc7d4.jpg,87,90,90,90
516010756.jpg,87,90,90,90
5ba46e60a.jpg,87,90,90,90
60dd5200c.jpg,87,90,90,90
628294429.jpg,87,90,90,90
629d09682.jpg,87,90,90,90
632241636.jpg,87,90,90,90
66795dc50.jpg,87,90,90,90
6f588aff1.jpg,87,90,90,90
724f1d70a.jpg,87,90,90,90
72adb2fcf.jpg,87,90,90,90
77265f400.jpg,87,90,90,90
789666f03.jpg,87,90,90,90
7c10a2258.jpg,87,90,90,90
8b3989de2.jpg,87,90,90,54
a394df6fa.jpg,87,90,90,90
a5dd9d96d.jpg,87,90,27,34
a9dd97718.jpg,87,90,90,90
b02db8f2e.jpg,87,90,90,90
bc3857ea3.jpg,87,90,90,90
c9af66af8.jpg,87,90,90,90
d035119a8.jpg,87,90,5,5
d286dcbcd.jpg,87,90,15,81
e22113cf7.jpg,87,90,90,90
e48fc2bc8.jpg,87,90,90,90
e75ee1968.jpg,87,90,90,90
e7d50bfec.jpg,87,90,90,90
eb9f79e09.jpg,87,90,90,90
f7d168401.jpg,87,90,90,90
fc18f1d49.jpg,87,90,90,90
fe2b78a64.jpg,87,90,90,90
10ee032bd.jpg,88,91,91,91
2b0db0240.jpg,88,91,91,91
3ed9f8c24.jpg,88,91,91,91
47cab9a95.jpg,88,91,91,91
5bcee17b2.jpg,88,91,91,91
5cc7124d6.jpg,88,91,91,91
5f3e419e3.jpg,88,91,91,91
6014888e8.jpg,88,91,91,91
6b9404aa0.jpg,88,91,91,91
6c2cae6bf.jpg,88,91,91,91
743dbafd8.jpg,88,91,91,91
7efb69be0.jpg,88,91,91,91
82f7d6fd8.jpg,88,91,91,91
8ec65e762.jpg,88,91,91,91
942644bce.jpg,88,91,91,91
990011446.jpg,88,91,91,91
9afdb2bb3.jpg,88,91,91,91
aae233d84.jpg,88,91,91,91
ab1ffdeb6.jpg,88,91,91,91
b0dafd06f.jpg,88,91,91,91
b282d94d5.jpg,88,91,91,85
b43d72a5b.jpg,88,91,91,91
c7f5ec74e.jpg,88,91,91,91
d8f5b6ccd.jpg,88,91,91,91
dd56daacb.jpg,88,91,91,91
e1069c3c5.jpg,88,91,91,91
ed9322965.jpg,88,91,91,91
f3d8507f2.jpg,88,91,91,91
03bd74726.jpg,89,92,92,92
1b761100c.jpg,89,92,92,92
2c3428dd9.jpg,89,92,92,92
394beee98.jpg,89,92,92,92
424d2dd37.jpg,89,92,92,92
4e06a5d78.jpg,89,92,92,92
57e518092.jpg,89,92,92,23
62920ec4a.jpg,89,92,92,92
69eeef1cd.jpg,89,92,92,41
736b3073e.jpg,89,92,92,92
c0fdf85df.jpg,89,92,92,41
c7fb68324.jpg,89,92,92,92
e646cfa49.jpg,89,92,3,3
058103833.jpg,9,93,21,93
0eb0cd03b.jpg,9,93,93,93
1aab9a3ee.jpg,9,93,93,47
200d39f42.jpg,9,93,93,93
27ed76c94.jpg,9,93,18,93
2fc3565ea.jpg,9,93,93,93
3056c27ff.jpg,9,93,93,93
35d7441c2.jpg,9,93,93,93
39b4a0a86.jpg,9,93,93,93
470d13a8b.jpg,9,93,93,93
658f8a383.jpg,9,93,93,93
72aad1ebb.jpg,9,93,93,93
7342163c6.jpg,9,93,93,93
73629e263.jpg,9,93,93,93
8bbc124fd.jpg,9,93,93,93
9607433ae.jpg,9,93,93,93
a762df180.jpg,9,93,93,93
aef1eb089.jpg,9,93,93,93
ba8b7c879.jpg,9,93,93,93
c4fde85ff.jpg,9,93,93,93
d90a6f3a2.jpg,9,93,93,93
db52e91d3.jpg,9,93,93,93
dd65790ed.jpg,9,93,93,93
e8f22da93.jpg,9,93,93,93
01af82a2e.jpg,90,94,94,94
0e6d84990.jpg,90,94,94,94
133ce763b.jpg,90,94,94,94
19f4651d3.jpg,90,94,94,94
23d685519.jpg,90,94,94,94
3272cbd50.jpg,90,94,94,94
359bad239.jpg,90,94,94,94
3c3f51c9d.jpg,90,94,94,57
4c757efdd.jpg,90,94,94,94
50462fcc6.jpg,90,94,94,94
58d8bea3b.jpg,90,94,94,94
5d25f183e.jpg,90,94,94,94
5e25ec2be.jpg,90,94,94,94
680be7a2d.jpg,90,94,94,42
765975ae5.jpg,90,94,94,94
78438660d.jpg,90,94,94,94
8d91518b5.jpg,90,94,40,5
9a8cc5157.jpg,90,94,94,94
a80d433fc.jpg,90,94,94,94
b15348e7d.jpg,90,94,94,94
be1c4eb22.jpg,90,94,94,3
be2c372d8.jpg,90,94,94,94
bfeb555c7.jpg,90,94,94,75
c3ca25a42.jpg,90,94,94,94
ca8530336.jpg,90,94,102,102
d1f710e7d.jpg,90,94,94,42
dad3e30e4.jpg,90,94,94,94
dc1294753.jpg,90,94,94,94
dca307be3.jpg,90,94,94,94
e3863594d.jpg,90,94,94,94
e8c431178.jpg,90,94,94,94
05036acfc.jpg,91,95,95,95
0d8dfbc65.jpg,91,95,18,56
0e883cd93.jpg,91,95,95,95
0fce87c21.jpg,91,95,95,95
22519187d.jpg,91,95,95,95
27285bde4.jpg,91,95,95,95
33e386159.jpg,91,95,95,95
36480f865.jpg,91,95,95,95
3a00d8fb8.jpg,91,95,95,95
3e98b7fb6.jpg,91,95,95,95
3eae18bc6.jpg,91,95,95,95
40e39e7bb.jpg,91,95,95,95
54eb25f9d.jpg,91,95,95,95
5e194ca61.jpg,91,95,95,95
674524b2e.jpg,91,95,95,95
8523dd075.jpg,91,95,95,95
8b43317c2.jpg,91,95,95,95
a43f21ecc.jpg,91,95,95,95
ae696621a.jpg,91,95,95,95
b964bbb80.jpg,91,95,95,95
be3b4da04.jpg,91,95,95,95
cf57c0216.jpg,91,95,95,95
cfef8cd41.jpg,91,95,95,95
d2afc7e67.jpg,91,95,95,95
d4bc42677.jpg,91,95,95,95
d7b7bdc14.jpg,91,95,95,12
dd99738d7.jpg,91,95,95,95
e0ae00e8e.jpg,91,95,95,95
f5765c8b8.jpg,91,95,95,95
f697173ec.jpg,91,95,95,95
f9eb52a10.jpg,91,95,95,95
ff3e22290.jpg,91,95,95,95
24d5e575b.jpg,92,96,96,96
25a50e0dc.jpg,92,96,96,96
6edac7883.jpg,92,96,96,96
a98b249f3.jpg,92,96,96,96
b4c90ae31.jpg,92,96,96,96
c36bf49a0.jpg,92,96,82,101
f42787c3d.jpg,92,96,96,96
038dc9ca6.jpg,93,97,97,97
099897276.jpg,93,97,97,97
118ed7186.jpg,93,97,97,97
1fc62e1e4.jpg,93,97,97,97
26ad79479.jpg,93,97,97,97
28ea17344.jpg,93,97,97,97
2c78c5358.jpg,93,97,97,97
2fb52a8f8.jpg,93,97,97,97
37cf85d6a.jpg,93,97,97,97
49f99d72c.jpg,93,97,97,97
4a64f1a3c.jpg,93,97,97,97
5756d2b2c.jpg,93,97,97,97
57a38f201.jpg,93,97,97,97
5926ce5e7.jpg,93,97,97,97
651573a1f.jpg,93,97,97,97
661f90fb3.jpg,93,97,97,97
69e83b39f.jpg,93,97,97,97
6eeb01c92.jpg,93,97,97,97
7b6195f14.jpg,93,97,97,97
7c9e7c943.jpg,93,97,97,97
84dcd7950.jpg,93,97,97,97
8bf585446.jpg,93,97,97,97
935b69366.jpg,93,97,97,97
9e61758fd.jpg,93,97,97,97
a628967b0.jpg,93,97,97,97
abe3e8e65.jpg,93,97,97,97
b6987d8a8.jpg,93,97,97,97
b9ef86c81.jpg,93,97,97,97
c9f30ad7b.jpg,93,97,97,97
cf046c358.jpg,93,97,97,97
cf1689afe.jpg,93,97,97,97
d07326ac8.jpg,93,97,97,97
d54d9f7b3.jpg,93,97,97,97
d5f8922cd.jpg,93,97,97,37
d7f4c84c0.jpg,93,97,97,97
e577d1aaa.jpg,93,97,97,97
e7d8db77b.jpg,93,97,97,97
e8e87bc66.jpg,93,97,56,77
ed3f00e70.jpg,93,97,97,97
f97074b04.jpg,93,97,97,97
fb3100a6c.jpg,93,97,97,97
01784e341.jpg,94,98,98,98
078e1e113.jpg,94,98,98,98
16073bc5b.jpg,94,98,18,18
1f403777d.jpg,94,98,98,98
1f835f496.jpg,94,98,98,98
312c27f82.jpg,94,98,2,41
38ccc728d.jpg,94,98,98,98
41c3c1e80.jpg,94,98,98,75
5106cd3b5.jpg,94,98,98,98
58224b1d7.jpg,94,98,98,98
5a8ee328e.jpg,94,98,98,98
6525ea88f.jpg,94,98,73,73
694196a06.jpg,94,98,98,98
7e07ca03c.jpg,94,98,98,98
81dcb2031.jpg,94,98,9,98
853add5d8.jpg,94,98,98,98
87d91aefb.jpg,94,98,5,75
89e156bf6.jpg,94,98,81,98
932f65509.jpg,94,98,98,98
9aa34c9b7.jpg,94,98,98,98
9c6553125.jpg,94,98,50,98
9e0fc51cb.jpg,94,98,98,98
9f902bc04.jpg,94,98,98,98
a270a68ad.jpg,94,98,98,98
a4bfdd787.jpg,94,98,98,98
a9469acaf.jpg,94,98,98,98
aaf52ce3b.jpg,94,98,98,98
adb30734a.jpg,94,98,28,57
b5638dd5d.jpg,94,98,98,98
ce05c6fa6.jpg,94,98,98,98
d7ff55316.jpg,94,98,98,98
d80df6847.jpg,94,98,98,44
dbde879ac.jpg,94,98,98,98
e2ea7fed4.jpg,94,98,98,98
f14d47b82.jpg,94,98,98,98
f1c89cb13.jpg,94,98,98,98
f3b0c5e61.jpg,94,98,98,98
f57fd6eff.jpg,94,98,98,98
0f6f05305.jpg,95,99,99,99
11cfaaf81.jpg,95,99,99,99
167873d4e.jpg,95,99,100,100
20c8a182c.jpg,95,99,86,6
28a481fd6.jpg,95,99,99,99
2af8bf936.jpg,95,99,75,8
2d2a2d2e6.jpg,95,99,99,99
2d46600ca.jpg,95,99,99,99
310f2e3b8.jpg,95,99,75,99
418138b39.jpg,95,99,99,99
477805a9a.jpg,95,99,99,99
480a05411.jpg,95,99,75,99
48e14e508.jpg,95,99,99,28
49e7c0006.jpg,95,99,99,99
4a545a31d.jpg,95,99,99,99
4bd159a86.jpg,95,99,99,6
5a8926ea2.jpg,95,99,99,99
65430faab.jpg,95,99,99,99
656775a6f.jpg,95,99,75,75
680f19e34.jpg,95,99,99,99
6c8f10dfb.jpg,95,99,5,90
6cd015d8c.jpg,95,99,99,99
73b357040.jpg,95,99,99,99
79197c514.jpg,95,99,99,99
90c3017da.jpg,95,99,6,6
a46a3d4d1.jpg,95,99,99,99
b324fe9a9.jpg,95,99,75,99
b45f28e96.jpg,95,99,99,99
bbc2b1fa7.jpg,95,99,99,99
c003f8afa.jpg,95,99,99,85
cf4defc69.jpg,95,99,99,99
d3afbea50.jpg,95,99,28,99
d46dbab0a.jpg,95,99,75,81
e34273e7f.jpg,95,99,76,99
e85b53393.jpg,95,99,99,99
e9c880c7b.jpg,95,99,100,100
f4c0e20fc.jpg,95,99,99,99
00ca0ecaf.jpg,96,100,100,100
0a47daa2b.jpg,96,100,99,100
119395194.jpg,96,100,100,91
195acd4ef.jpg,96,100,100,100
2a1b45a47.jpg,96,100,100,100
33b3da002.jpg,96,100,100,100
42736737c.jpg,96,100,38,100
45472ba97.jpg,96,100,100,100
4cf04ca0c.jpg,96,100,100,100
4feb96436.jpg,96,100,100,100
6767baa4e.jpg,96,100,37,37
79ab67ee8.jpg,96,100,57,98
7c8f24e10.jpg,96,100,100,100
7fb4bf353.jpg,96,100,100,100
800261e5d.jpg,96,100,101,101
8685e51b2.jpg,96,100,100,100
9d076845c.jpg,96,100,100,100
a75aad9f2.jpg,96,100,100,100
b028727bc.jpg,96,100,100,100
b3717c559.jpg,96,100,100,100
ba9fbd88c.jpg,96,100,100,100
c177df525.jpg,96,100,38,38
cbb386108.jpg,96,100,100,100
e0958464f.jpg,96,100,100,100
e2e497216.jpg,96,100,100,46
e59a45f89.jpg,96,100,11,75
f8070b7f8.jpg,96,100,100,100
fbf0d3c5d.jpg,96,100,38,38
fc71c2d82.jpg,96,100,100,100
0f14fc453.jpg,97,101,101,101
188b589ee.jpg,97,101,96,14
2f16c8abc.jpg,97,101,101,101
7ac3e704b.jpg,97,101,101,101
84dbe3969.jpg,97,101,101,73
873bbf22d.jpg,97,101,101,101
8d2ec2075.jpg,97,101,101,101
9308ab0ad.jpg,97,101,101,101
b4ea454bd.jpg,97,101,101,101
cb53a9e17.jpg,97,101,101,101
db94bee2b.jpg,97,101,101,101
fdb644961.jpg,97,101,101,101
0fc3ae1e6.jpg,98,102,102,102
305a3af6d.jpg,98,102,102,102
49bc227dc.jpg,98,102,102,102
6348c394a.jpg,98,102,102,102
663062dff.jpg,98,102,102,102
682bfcb5e.jpg,98,102,102,102
7a00168e9.jpg,98,102,102,102
c67c55ac7.jpg,98,102,102,102
d655e16f8.jpg,98,102,102,102
fa6349990.jpg,98,102,102,102
51cf8ca26.jpg,99,103,103,103
6b92fd840.jpg,99,103,103,103
71078fde4.jpg,99,103,103,103
78c42459f.jpg,99,103,103,103
ade1bfe87.jpg,99,103,103,103
bd6a92191.jpg,99,103,103,103
fc9daf080.jpg,99,103,103,103
